navn,kategori,bearbeidingsgrad,histamin_innhold,histaminfrigjorrer,dao_blokkerende,typisk_reaksjon,inneholder_laktose,mengde_laktose,taltet_ved_laktoseintoleranse,inneholder_gluten,naturlig_glutenfri,trygg_for_coliaki,fodmap_niva,fodmap_typer,sulfitter,salicylater,tilstatt_gjaer,nitritter_nitrater,toleranse_ved_ibs,gassdannende,fiberinnhold,proteinkilde,fettkilde,karbo_kilde,viktige_mikronæringsstoffer,kaloritetthet,,
Kyllingbryst (fersk),Kjøtt,Fersk,Lav,Nei,Nei,Sjelden problem,Nei,,Ja,Nei,Ja,Ja,Lav,,Nei,Lav,Nei,Nei,God,Lav,Lav,Ja,Nei,Nei,"B3, B6, selen",Lav,,
Laks (vill,fersk),Fisk,Fersk,Lav,Nei,Nei,Veldig godt tolerert,Nei,,Ja,Nei,Ja,Ja,Lav,,Nei,Lav,Nei,Nei,God,Lav,Lav,Ja,Ja,Nei,"D, B12, omega-3",Middels,
Egg (kokt),Egg,Fersk,Lav,Ja (hvite),Nei,Hvite kan være problem,Nei,,Ja,Nei,Ja,Ja,Lav,,Nei,Lav,Nei,Nei,God,Lav,Lav,Ja,Ja,Nei,"B12, D, kolin",Middels,,
Quinoa (tørr),Korn,Tørket,Lav,Nei,Nei,Svært godt tolerert,Nei,,Ja,Nei,Ja,Ja,Lav,,Nei,Lav,Nei,Nei,God,Middels,Høy,Ja,Nei,Ja,"Jern, magnesium, fiber",Middels,,
Potet (kokt),Grønnsak,Fersk,Lav,Nei,Nei,Utmerket toleranse,Nei,,Ja,Nei,Ja,Ja,Lav,,Nei,Lav,Nei,Nei,God,Lav,Lav,Nei,Nei,Ja,"C, B6, kalium",Lav,,
Brokkoli (kokt),Grønnsak,Fersk,Lav,Nei,Nei,God toleranse,Nei,,Ja,Nei,Ja,Ja,Middels,Fruktaner,Nei,Middels,Nei,Nei,Variabel,Høy,Høy,Ja,Nei,Nei,"C, K, folat",Lav,,
Banan (moden),Frukt,Fersk,Lav,Nei,Nei,Godt tolerert,Nei,,Ja,Nei,Ja,Ja,Middels,Fruktose,Nei,Lav,Nei,Nei,Variabel,Middels,Middels,Nei,Nei,Ja,"B6, kalium, magnesium",Middels,,
Ris (hvit,kokt),Korn,Kokt,Lav,Nei,Nei,Svært godt tolerert,Nei,,Ja,Nei,Ja,Ja,Lav,,Nei,Lav,Nei,Nei,God,Lav,Lav,Nei,Nei,Ja,"B1, magnesium (brun ris)",Middels,
Kikerter (hermet,uten salt),Belgfrukt,Hermetisert,Middels,Ja,Mulig,Kan forårsake oppblåsthet,Nei,,Ja,Nei,Ja,Ja,Høy,GOS,fruktaner,Nei,Lav,Nei,Nei,Dårlig,Høy,Høy,Ja,Nei,Ja,"Jern, folat, fiber",Middels
Mandler (rå),Nøtter/Frø,Rå,Lav,Nei,Nei,Godt tolerert i moderate mengder,Nei,,Ja,Nei,Ja,Ja,Middels,,Nei,Middels,Nei,Nei,Variabel,Middels,Høy,Ja,Ja,Nei,"E, magnesium, kalsium",Høy,,
Kalkunbryst,Kjøtt,Fersk,Lav,Nei,Nei,Sjelden problem,Nei,,Ja,Nei,Ja,Ja,Lav,,Nei,Lav,Nei,Nei,God,Lav,Lav,Ja,Nei,Nei,"B3, B6, sink",Lav,,
Torsk (fersk),Fisk,Fersk,Lav,Nei,Nei,Veldig godt tolerert,Nei,,Ja,Nei,Ja,Ja,Lav,,Nei,Lav,Nei,Nei,God,Lav,Lav,Ja,Nei,Nei,"B12, jod, selen",Lav,,
Ærter (frosne),Belgfrukt,Fersk,Lav,Nei,Nei,Godt tolerert,Nei,,Ja,Nei,Ja,Ja,Høy,GOS,fruktaner,Nei,Lav,Nei,Nei,Variabel,Høy,Høy,Ja,Nei,Ja,"K, C, mangan",Lav,
Havre (glutenfri),Korn,Tørket,Lav,Nei,Nei,Svært godt tolerert,Nei,,Ja,Ja (sertifisert),Ja,Ja,Lav,,Nei,Lav,Nei,Nei,God,Middels,Høy,Ja,Nei,Ja,"B1, magnesium, sink",Middels,,
Gulrot (rå),Grønnsak,Fersk,Lav,Nei,Nei,Utmerket toleranse,Nei,,Ja,Nei,Ja,Ja,Lav,,Nei,Lav,Nei,Nei,God,Lav,Middels,Nei,Nei,Ja,"A (beta-karoten), K, kalium",Lav,,
Blåbær (frosne),Frukt,Fersk,Lav,Nei,Nei,Svært godt tolerert,Nei,,Ja,Nei,Ja,Ja,Lav,,Nei,Middels,Nei,Nei,God,Lav,Middels,Nei,Nei,Ja,"C, K, antioksidanter",Lav,,
Kikerter (tørre),Belgfrukt,Tørket,Middels,Ja,Mulig,Kan forårsake oppblåsthet,Nei,,Ja,Nei,Ja,Ja,Høy,GOS,fruktaner,Nei,Lav,Nei,Nei,Dårlig,Høy,Høy,Ja,Nei,Ja,"Jern, folat, fosfor",Middels,
Valnøtter,Nøtter/Frø,Rå,Lav,Ja,Mulig,Kan utløse hodepine hos noen,Nei,,Ja,Nei,Ja,Ja,Middels,,Nei,Lav,Nei,Nei,Variabel,Middels,Høy,Ja,Ja,Nei,"Omega-3, magnesium, antioksidanter",Høy,,
Svinekjøtt (ferskt),Kjøtt,Fersk,Lav,Ja,Nei,Noen reagerer med kløe,Nei,,Ja,Nei,Ja,Ja,Lav,,Nei,Lav,Nei,Nei,God,Lav,Lav,Ja,Ja,Nei,"B1, B12, sink",Middels,,
Sei (fersk),Fisk,Fersk,Lav,Nei,Nei,Veldig godt tolerert,Nei,,Ja,Nei,Ja,Ja,Lav,,Nei,Lav,Nei,Nei,God,Lav,Lav,Ja,Nei,Nei,"B12, fosfor, selen",Lav,,
Linser (grønne,tørre),Belgfrukt,Tørket,Lav,Nei,Nei,Godt tolerert,Nei,,Ja,Nei,Ja,Ja,Høy,GOS,Nei,Lav,Nei,Nei,Variabel,Høy,Høy,Ja,Nei,Ja,"Jern, folat, fiber",Middels,
Bokhvete,Korn,Tørket,Lav,Nei,Nei,Svært godt tolerert,Nei,,Ja,Nei,Ja,Ja,Lav,,Nei,Lav,Nei,Nei,God,Middels,Høy,Ja,Nei,Ja,"Rutin, magnesium, sink",Middels,,
Agurk (fersk),Grønnsak,Fersk,Lav,Nei,Nei,Utmerket toleranse,Nei,,Ja,Nei,Ja,Ja,Lav,,Nei,Lav,Nei,Nei,God,Lav,Lav,Nei,Nei,Ja,"K, C, magnesium",Lav,,
Eple (kokt/ bakt),Frukt,Kokt,Lav,Nei,Nei,Bedre enn rå,Nei,,Ja,Nei,Ja,Ja,Middels,Fruktose,fruktaner,Nei,Middels,Nei,Nei,Variabel,Middels,Middels,Nei,Nei,Ja,"C, fiber, antioksidanter",Lav,
Soyabønner (edamame),Belgfrukt,Fersk,Middels,Ja,Ja,Kan være problematisk,Nei,,Ja,Nei,Ja,Ja,Høy,GOS,fruktaner,Nei,Lav,Nei,Nei,Dårlig,Høy,Høy,Ja,Ja,Ja,"K, folat, mangan",Middels,
Hasselnøtter,Nøtter/Frø,Rå,Lav,Nei,Nei,Godt tolerert,Nei,,Ja,Nei,Ja,Ja,Middels,,Nei,Lav,Nei,Nei,Variabel,Middels,Høy,Ja,Ja,Nei,"E, magnesium, kalsium",Høy,,
Lam (ferskt),Kjøtt,Fersk,Lav,Nei,Nei,Sjelden problem,Nei,,Ja,Nei,Ja,Ja,Lav,,Nei,Lav,Nei,Nei,God,Lav,Lav,Ja,Ja,Nei,"B12, sink, jern",Middels,,
Makrell (fersk),Fisk,Fersk,Middels,Ja,Nei,Raskt danner histamin,Nei,,Ja,Nei,Ja,Ja,Lav,,Nei,Lav,Nei,Nei,Variabel,Lav,Middels,Ja,Ja,Nei,"D, omega-3, selen",Høy,,
Bønner (svarte,hermet),Belgfrukt,Hermetisert,Middels,Ja,Mulig,Kan forårsake oppblåsthet,Nei,,Ja,Nei,Ja,Ja,Høy,GOS,fruktaner,Nei,Lav,Nei,Nei,Dårlig,Høy,Høy,Ja,Nei,Ja,"Jern, magnesium, folat",Middels
Hirse,Korn,Tørket,Lav,Nei,Nei,Svært godt tolerert,Nei,,Ja,Nei,Ja,Ja,Lav,,Nei,Lav,Nei,Nei,God,Middels,Høy,Ja,Nei,Ja,"Jern, magnesium, silisium",Middels,,
Squash (sommer),Grønnsak,Fersk,Lav,Nei,Nei,Utmerket toleranse,Nei,,Ja,Nei,Ja,Ja,Lav,,Nei,Lav,Nei,Nei,God,Lav,Middels,Nei,Nei,Ja,"C, magnesium, kalium",Lav,,
Pære (moden),Frukt,Fersk,Lav,Nei,Nei,Godt tolerert,Nei,,Ja,Nei,Ja,Ja,Middels,Fruktose,polyoler,Nei,Lav,Nei,Nei,Variabel,Middels,Middels,Nei,Nei,Ja,"C, K, kobber",Lav,
Tofu (silken),Belgfrukt,Fersk,Middels,Ja,Ja,Kan være problematisk,Nei,,Ja,Nei,Ja,Ja,Høy,GOS,Nei,Lav,Nei,Nei,Variabel,Middels,Middels,Ja,Ja,Nei,"Kalsium, jern, magnesium",Lav,,
Cashewnøtter,Nøtter/Frø,Rå,Lav,Nei,Nei,Godt tolerert,Nei,,Ja,Nei,Ja,Ja,Høy,,Nei,Lav,Nei,Nei,Variabel,Middels,Middels,Ja,Ja,Nei,"Jern, sink, magnesium",Høy,,
Oksekjøtt (mager),Kjøtt,Fersk,Lav,Nei,Nei,Sjelden problem,Nei,,Ja,Nei,Ja,Ja,Lav,,Nei,Lav,Nei,Nei,God,Lav,Lav,Ja,Nei,Nei,"B12, jern, sink",Lav,,
Tunfisk (fersk,ikke hermet),Fisk,Fersk,Lav,Nei,Nei,Veldig godt tolerert,Nei,,Ja,Nei,Ja,Ja,Lav,,Nei,Lav,Nei,Nei,God,Lav,Lav,Ja,Nei,Nei,"D, omega-3, selen",Middels,
Linser (røde,tørre),Belgfrukt,Tørket,Lav,Nei,Nei,Godt tolerert,Nei,,Ja,Nei,Ja,Ja,Høy,GOS,Nei,Lav,Nei,Nei,Variabel,Høy,Høy,Ja,Nei,Ja,"Jern, folat, kalium",Middels,
Amarant,Korn,Tørket,Lav,Nei,Nei,Svært godt tolerert,Nei,,Ja,Nei,Ja,Ja,Lav,,Nei,Lav,Nei,Nei,God,Middels,Høy,Ja,Nei,Ja,"Jern, kalsium, magnesium",Middels,,
Spinath (kokt),Grønnsak,Kokt,Lav,Nei,Nei,Utmerket toleranse,Nei,,Ja,Nei,Ja,Ja,Middels,Fruktaner,Nei,Middels,Nei,Nei,Variabel,Middels,Høy,Ja,Nei,Nei,"K, folat, jern",Lav,,
Melon (vannmelon),Frukt,Fersk,Lav,Nei,Nei,Godt tolerert,Nei,,Ja,Nei,Ja,Ja,Lav,Fruktose (lav mengde),Nei,Lav,Nei,Nei,God,Lav,Lav,Nei,Nei,Ja,"C, A, lykopen",Lav,,
Tempeh (pasteurisert),Belgfrukt,Fermentert,Høy,Ja,Ja,Ofte problematisk,Nei,,Ja,Nei,Ja,Ja,Middels,GOS,Nei,Lav,Ja,Nei,Dårlig,Høy,Høy,Ja,Ja,Nei,"B12, probiotika, protein",Middels,,
Peanøtter,Nøtter/Frø,Rå,Lav,Nei,Nei,Godt tolerert,Nei,,Ja,Nei,Ja,Ja,Middels,,Nei,Lav,Nei,Nei,Variabel,Middels,Middels,Ja,Ja,Nei,"B3, folat, magnesium",Høy,,
Kyllinglår (uten skinn),Kjøtt,Fersk,Lav,Nei,Nei,Sjelden problem,Nei,,Ja,Nei,Ja,Ja,Lav,,Nei,Lav,Nei,Nei,God,Lav,Lav,Ja,Ja,Nei,"B3, B6, jern",Middels,,
Sild (fersk),Fisk,Fersk,Middels,Ja,Nei,Raskt danner histamin,Nei,,Ja,Nei,Ja,Ja,Lav,,Nei,Lav,Nei,Nei,Variabel,Lav,Middels,Ja,Ja,Nei,"D, omega-3, B12",Høy,,
Bønner (kidney,hermet),Belgfrukt,Hermetisert,Middels,Ja,Mulig,Kan forårsake oppblåsthet,Nei,,Ja,Nei,Ja,Ja,Høy,GOS,fruktaner,Nei,Lav,Nei,Nei,Dårlig,Høy,Høy,Ja,Nei,Ja,"Jern, folat, mangan",Middels
Teff,Korn,Tørket,Lav,Nei,Nei,Svært godt tolerert,Nei,,Ja,Nei,Ja,Ja,Lav,,Nei,Lav,Nei,Nei,God,Middels,Høy,Ja,Nei,Ja,"Jern, kalsium, magnesium",Middels,,
Søtpotet (kokt),Grønnsak,Kokt,Lav,Nei,Nei,Utmerket toleranse,Nei,,Ja,Nei,Ja,Ja,Middels,,Nei,Lav,Nei,Nei,God,Middels,Høy,Nei,Nei,Ja,"A (beta-karoten), C, kalium",Middels,,
Appelsin,Frukt,Fersk,Lav,Nei,Nei,Godt tolerert,Nei,,Ja,Nei,Ja,Ja,Middels,Fruktose,Nei,Høy,Nei,Nei,Variabel,Middels,Middels,Nei,Nei,Ja,"C, folat, kalium",Lav,,
Miso (lite salt),Belgfrukt,Fermentert,Høy,Ja,Ja,Ofte problematisk,Nei,,Ja,Nei,Ja,Ja,Høy,,Ja,Lav,Ja,Nei,Dårlig,Middels,Middels,Ja,Nei,Ja,"K2, probiotika, mineraler",Middels,,
Pistasjnøtter,Nøtter/Frø,Rå,Lav,Nei,Nei,Godt tolerert,Nei,,Ja,Nei,Ja,Ja,Høy,,Nei,Lav,Nei,Nei,Variabel,Middels,Middels,Ja,Ja,Nei,"B6, kalium, antioksidanter",Høy,,
Kalkunlår,Kjøtt,Fersk,Lav,Nei,Nei,Sjelden problem,Nei,,Ja,Nei,Ja,Ja,Lav,,Nei,Lav,Nei,Nei,God,Lav,Lav,Ja,Ja,Nei,"B3, B6, sink",Middels,,
Annen fisk (hvit,fersk),Fisk,Fersk,Lav,Nei,Nei,Veldig godt tolerert,Nei,,Ja,Nei,Ja,Ja,Lav,,Nei,Lav,Nei,Nei,God,Lav,Lav,Ja,Nei,Nei,"B12, jod, selen",Lav,
Erter (sukkertørre),Belgfrukt,Tørket,Lav,Nei,Nei,Godt tolerert,Nei,,Ja,Nei,Ja,Ja,Høy,GOS,fruktaner,Nei,Lav,Nei,Nei,Variabel,Høy,Høy,Ja,Nei,Ja,"K, C, mangan",Lav,
Mais (frossen/ hermet),Korn,Fersk,Lav,Nei,Nei,Svært godt tolerert,Nei,,Ja,Nei,Ja,Ja,Middels,,Nei,Lav,Nei,Nei,God,Middels,Middels,Ja,Nei,Ja,"B-vitaminer, magnesium, antioksidanter",Middels,,
Paprika (grønn,rå),Grønnsak,Fersk,Lav,Nei,Nei,Utmerket toleranse,Nei,,Ja,Nei,Ja,Ja,Lav,,Nei,Lav,Nei,Nei,God,Lav,Middels,Nei,Nei,Ja,"C, A, B6",Lav,
Kiwi,Frukt,Fersk,Lav,Nei,Nei,Godt tolerert,Nei,,Ja,Nei,Ja,Ja,Middels,,Nei,Lav,Nei,Nei,Variabel,Middels,Middels,Nei,Nei,Ja,"C, K, folat",Lav,,
Natto,Belgfrukt,Fermentert,Høy,Ja,Ja,Ofte problematisk,Nei,,Ja,Nei,Ja,Ja,Høy,GOS,Nei,Lav,Ja,Nei,Dårlig,Høy,Høy,Ja,Nei,Nei,"K2, probiotika, protein",Middels,,
Solsikkefrø,Nøtter/Frø,Rå,Lav,Nei,Nei,Godt tolerert,Nei,,Ja,Nei,Ja,Ja,Middels,,Nei,Lav,Nei,Nei,Variabel,Middels,Middels,Ja,Ja,Nei,"E, selen, magnesium",Høy,,
And (uten skinn),Kjøtt,Fersk,Lav,Nei,Nei,Sjelden problem,Nei,,Ja,Nei,Ja,Ja,Lav,,Nei,Lav,Nei,Nei,God,Lav,Lav,Ja,Ja,Nei,"B-vitaminer, jern, sink",Middels,,
Ørret (fersk),Fisk,Fersk,Lav,Nei,Nei,Veldig godt tolerert,Nei,,Ja,Nei,Ja,Ja,Lav,,Nei,Lav,Nei,Nei,God,Lav,Lav,Ja,Ja,Nei,"Omega-3, D, B12",Middels,,
Kikerter (spirede),Belgfrukt,Spiret,Lav,Ja,Mulig,Bedre enn hermet/tørre,Nei,,Ja,Nei,Ja,Ja,Middels,GOS,fruktaner,Nei,Lav,Nei,Nei,Variabel,Middels,Høy,Ja,Nei,Ja,"Folat, C, jern",Lav,
Sorghum,Korn,Tørket,Lav,Nei,Nei,Svært godt tolerert,Nei,,Ja,Nei,Ja,Ja,Lav,,Nei,Lav,Nei,Nei,God,Middels,Høy,Ja,Nei,Ja,"Jern, protein, antioksidanter",Middels,,
Selleri (stilk),Grønnsak,Fersk,Lav,Nei,Nei,Utmerket toleranse,Nei,,Ja,Nei,Ja,Ja,Middels,Polyoler (mannitol),Nei,Lav,Nei,Nei,Variabel,Middels,Middels,Nei,Nei,Ja,"K, folat, kalium",Lav,,
Fersken,Frukt,Fersk,Lav,Nei,Nei,Godt tolerert,Nei,,Ja,Nei,Ja,Ja,Middels,Polyoler,Nei,Middels,Nei,Nei,Variabel,Middels,Middels,Nei,Nei,Ja,"C, A, kalium",Lav,,
Sojasaus (glutenfri),Belgfrukt,Fermentert,Høy,Ja,Ja,Ofte problematisk,Nei,,Ja,Ja (sertifisert),Ja,Ja,Høy,,Ja,Lav,Ja,Nei,Dårlig,Lav,Lav,Ja,Nei,Ja,"Protein, mineraler",Lav,,
Chiafrø,Nøtter/Frø,Rå,Lav,Nei,Nei,Godt tolerert,Nei,,Ja,Nei,Ja,Ja,Høy,,Nei,Lav,Nei,Nei,Variabel,Høy,Høy,Ja,Ja,Ja,"Omega-3, kalsium, fiber",Høy,,
Elg (viltkjøtt),Kjøtt,Fersk,Lav,Nei,Nei,Sjelden problem,Nei,,Ja,Nei,Ja,Ja,Lav,,Nei,Lav,Nei,Nei,God,Lav,Lav,Ja,Nei,Nei,"B12, jern, sink",Lav,,
Sardin (fersk),Fisk,Fersk,Middels,Ja,Nei,Raskt danner histamin,Nei,,Ja,Nei,Ja,Ja,Lav,,Nei,Lav,Nei,Nei,Variabel,Lav,Middels,Ja,Ja,Nei,"D, omega-3, kalsium",Høy,,
Bønner (hvite,hermet),Belgfrukt,Hermetisert,Middels,Ja,Mulig,Kan forårsake oppblåsthet,Nei,,Ja,Nei,Ja,Ja,Høy,GOS,fruktaner,Nei,Lav,Nei,Nei,Dårlig,Høy,Høy,Ja,Nei,Ja,"Folat, magnesium, jern",Middels
Fingermel (ragi),Korn,Tørket,Lav,Nei,Nei,Svært godt tolerert,Nei,,Ja,Nei,Ja,Ja,Lav,,Nei,Lav,Nei,Nei,God,Middels,Høy,Ja,Nei,Ja,"Kalsium, jern, fiber",Middels,,
Asparges (kokt),Grønnsak,Kokt,Lav,Nei,Nei,Utmerket toleranse,Nei,,Ja,Nei,Ja,Ja,Høy,Fruktaner,Nei,Lav,Nei,Nei,Dårlig,Høy,Middels,Ja,Nei,Nei,"K, folat, A",Lav,,
Drue (grønn),Frukt,Fersk,Lav,Nei,Nei,Godt tolerert,Nei,,Ja,Nei,Ja,Ja,Middels,,Nei,Lav,Nei,Nei,Variabel,Middels,Lav,Nei,Nei,Ja,"K, C, antioksidanter",Lav,,
Kimchi (fersk,lite fermentert),Grønnsak,Fermentert,Høy,Ja,Ja,Ofte problematisk,Nei,,Ja,Nei,Ja,Ja,Høy,Fruktaner,polyoler,Ja,Lav,Ja,Nei,Dårlig,Høy,Høy,Ja,Nei,Nei,"C, K, probiotika",Lav
Linfrø,Nøtter/Frø,Rå,Lav,Nei,Nei,Godt tolerert,Nei,,Ja,Nei,Ja,Ja,Høy,,Nei,Lav,Nei,Nei,Variabel,Høy,Høy,Ja,Ja,Nei,"Omega-3, lignin, magnesium",Høy,,
Hjort (viltkjøtt),Kjøtt,Fersk,Lav,Nei,Nei,Sjelden problem,Nei,,Ja,Nei,Ja,Ja,Lav,,Nei,Lav,Nei,Nei,God,Lav,Lav,Ja,Nei,Nei,"B12, jern, sink",Lav,,
Kveite (fersk),Fisk,Fersk,Lav,Nei,Nei,Veldig godt tolerert,Nei,,Ja,Nei,Ja,Ja,Lav,,Nei,Lav,Nei,Nei,God,Lav,Lav,Ja,Nei,Nei,"B12, fosfor, selen",Lav,,
Linser (brune,tørre),Belgfrukt,Tørket,Lav,Nei,Nei,Godt tolerert,Nei,,Ja,Nei,Ja,Ja,Høy,GOS,Nei,Lav,Nei,Nei,Variabel,Høy,Høy,Ja,Nei,Ja,"Jern, folat, mangan",Middels,
Bygg (perlebyg),Korn,Tørket,Lav,Nei,Nei,Godt tolerert,Ja,Høy,Nei,Ja,Nei,Nei,Middels,Fruktaner,Nei,Lav,Nei,Nei,Variabel,Middels,Høy,Ja,Nei,Ja,"B-vitaminer, selenium, fiber",Middels,,
Blomkål (kokt),Grønnsak,Kokt,Lav,Nei,Nei,Utmerket toleranse,Nei,,Ja,Nei,Ja,Ja,Middels,Fruktaner,polyoler,Nei,Lav,Nei,Nei,Variabel,Høy,Middels,Ja,Nei,Nei,"C, K, folat",Lav,
Bringebær,Frukt,Fersk,Lav,Nei,Nei,Godt tolerert,Nei,,Ja,Nei,Ja,Ja,Lav,,Nei,Middels,Nei,Nei,God,Middels,Høy,Nei,Nei,Ja,"C, K, mangan",Lav,,
Surkål (fermentert),Grønnsak,Fermentert,Høy,Ja,Ja,Ofte problematisk,Nei,,Ja,Nei,Ja,Ja,Høy,Fruktaner,polyoler,Ja,Lav,Ja,Nei,Dårlig,Høy,Høy,Ja,Nei,Nei,"C, K, probiotika",Lav,
Sesamfrø,Nøtter/Frø,Rå,Lav,Nei,Nei,Godt tolerert,Nei,,Ja,Nei,Ja,Ja,Middels,,Nei,Lav,Nei,Nei,Variabel,Middels,Høy,Ja,Ja,Nei,"Kalsium, jern, magnesium",Høy,,
Kalkun (hel),Kjøtt,Fersk,Lav,Nei,Nei,Sjelden problem,Nei,,Ja,Nei,Ja,Ja,Lav,,Nei,Lav,Nei,Nei,God,Lav,Lav,Ja,Nei,Nei,"B3, B6, sink",Lav,,
Brasme (fersk),Fisk,Fersk,Lav,Nei,Nei,Veldig godt tolerert,Nei,,Ja,Nei,Ja,Ja,Lav,,Nei,Lav,Nei,Nei,God,Lav,Lav,Ja,Nei,Nei,"B12, fosfor, selen",Lav,,
Bønner (mung,spirede),Belgfrukt,Spiret,Lav,Nei,Nei,Bedre enn hermet/tørre,Nei,,Ja,Nei,Ja,Ja,Middels,GOS,Nei,Lav,Nei,Nei,Variabel,Middels,Middels,Ja,Nei,Ja,"C, folat, jern",Lav,
Rug (kli),Korn,Tørket,Lav,Nei,Nei,Godt tolerert,Nei,,Ja,Ja,Nei,Nei,Høy,Fruktaner,Nei,Lav,Nei,Nei,Dårlig,Høy,Høy,Ja,Nei,Ja,"Fiber, magnesium, jern",Middels,,
Rosenkål (kokt),Grønnsak,Kokt,Lav,Nei,Nei,Utmerket toleranse,Nei,,Ja,Nei,Ja,Ja,Høy,Fruktaner,Nei,Lav,Nei,Nei,Dårlig,Høy,Høy,Ja,Nei,Nei,"C, K, folat",Lav,,
Jordbær,Frukt,Fersk,Lav,Nei,Nei,Godt tolerert,Nei,,Ja,Nei,Ja,Ja,Lav,,Nei,Middels,Nei,Nei,God,Middels,Middels,Nei,Nei,Ja,"C, mangan, folat",Lav,,
Yoghurt (gresk,naturlig),Meieri,Fermentert,Middels,Ja,Mulig,Kan være problematisk,Ja,Lav,Ja,Nei,Ja,Ja,Lav,Laktose,Nei,Lav,Ja,Nei,Variabel,Lav,Lav,Ja,Nei,Nei,"Protein, kalsium, probiotika",Middels,
Kokosnøtt (rå),Nøtter/Frø,Rå,Lav,Nei,Nei,Godt tolerert,Nei,,Ja,Nei,Ja,Ja,Middels,,Nei,Lav,Nei,Nei,Variabel,Høy,Høy,Ja,Ja,Nei,"Mangan, selen, kobber",Høy,,
Hønsebryst (uten skinn),Kjøtt,Fersk,Lav,Nei,Nei,Sjelden problem,Nei,,Ja,Nei,Ja,Ja,Lav,,Nei,Lav,Nei,Nei,God,Lav,Lav,Ja,Nei,Nei,"B3, B6, selen",Lav,,
Piggvar (fersk),Fisk,Fersk,Lav,Nei,Nei,Veldig godt tolerert,Nei,,Ja,Nei,Ja,Ja,Lav,,Nei,Lav,Nei,Nei,God,Lav,Lav,Ja,Nei,Nei,"B12, fosfor, selen",Lav,,
Bønner (pinto,hermet),Belgfrukt,Hermetisert,Middels,Ja,Mulig,Kan forårsake oppblåsthet,Nei,,Ja,Nei,Ja,Ja,Høy,GOS,fruktaner,Nei,Lav,Nei,Nei,Dårlig,Høy,Høy,Ja,Nei,Ja,"Folat, magnesium, jern",Middels
Havregryn (glutenfri),Korn,Tørket,Lav,Nei,Nei,Svært godt tolerert,Nei,,Ja,Ja (sertifisert),Ja,Ja,Lav,,Nei,Lav,Nei,Nei,God,Middels,Høy,Ja,Nei,Ja,"B1, magnesium, sink",Middels,,
Artiskokk (kokt),Grønnsak,Kokt,Lav,Nei,Nei,Utmerket toleranse,Nei,,Ja,Nei,Ja,Ja,Høy,Fruktaner,Nei,Lav,Nei,Nei,Dårlig,Høy,Høy,Ja,Nei,Ja,"Folat, C, K",Lav,,
Mango,Frukt,Fersk,Lav,Nei,Nei,Godt tolerert,Nei,,Ja,Nei,Ja,Ja,Middels,Fruktose,Nei,Høy,Nei,Nei,Variabel,Middels,Middels,Nei,Nei,Ja,"C, A, folat",Lav,,
Yoghurt (naturlig,vanlig),Meieri,Fermentert,Middels,Ja,Mulig,Kan være problematisk,Ja,Middels,Ofte,Nei,Ja,Ja,Middels,Laktose,Nei,Lav,Ja,Nei,Variabel,Lav,Lav,Ja,Nei,Ja,"Kalsium, B12, probiotika",Middels,
Macadamianøtter,Nøtter/Frø,Rå,Lav,Nei,Nei,Godt tolerert,Nei,,Ja,Nei,Ja,Ja,Middels,,Nei,Lav,Nei,Nei,Variabel,Lav,Middels,Ja,Ja,Nei,"Mangan, B1, magnesium",Høy,,
Kyllingvinger (uten skinn),Kjøtt,Fersk,Lav,Nei,Nei,Sjelden problem,Nei,,Ja,Nei,Ja,Ja,Lav,,Nei,Lav,Nei,Nei,God,Lav,Lav,Ja,Ja,Nei,"B3, B6, jern",Middels,,
Uer (fersk),Fisk,Fersk,Lav,Nei,Nei,Veldig godt tolerert,Nei,,Ja,Nei,Ja,Ja,Lav,,Nei,Lav,Nei,Nei,God,Lav,Lav,Ja,Nei,Nei,"B12, selen, jod",Lav,,
Linser (gule,tørre),Belgfrukt,Tørket,Lav,Nei,Nei,Godt tolerert,Nei,,Ja,Nei,Ja,Ja,Høy,GOS,Nei,Lav,Nei,Nei,Variabel,Høy,Høy,Ja,Nei,Ja,"Jern, folat, fosfor",Middels,
Rismel (brunt),Korn,Tørket,Lav,Nei,Nei,Svært godt tolerert,Nei,,Ja,Nei,Ja,Ja,Lav,,Nei,Lav,Nei,Nei,God,Middels,Høy,Ja,Nei,Ja,"B1, magnesium, fosfor",Middels,,
Sukkertørre erter (kokt),Belgfrukt,Kokt,Lav,Nei,Nei,Godt tolerert,Nei,,Ja,Nei,Ja,Ja,Høy,GOS,fruktaner,Nei,Lav,Nei,Nei,Variabel,Høy,Høy,Ja,Nei,Ja,"K, C, mangan",Lav,
Kirsebær,Frukt,Fersk,Lav,Nei,Nei,Godt tolerert,Nei,,Ja,Nei,Ja,Ja,Middels,,Nei,Middels,Nei,Nei,Variabel,Middels,Middels,Nei,Nei,Ja,"C, antioksidanter, kalium",Lav,,
Kefir (melkebasert),Meieri,Fermentert,Høy,Ja,Ja,Ofte problematisk,Ja,Middels,Nei,Nei,Ja,Ja,Middels,Laktose,Nei,Lav,Ja,Nei,Dårlig,Middels,Lav,Ja,Nei,Ja,"Probiotika, kalsium, B12",Middels,,
Kongle,Nøtter/Frø,Rå,Lav,Nei,Nei,Godt tolerert,Nei,,Ja,Nei,Ja,Ja,Middels,,Nei,Lav,Nei,Nei,Variabel,Middels,Middels,Ja,Ja,Nei,"Mangan, jern, B1",Høy,,
Kalkunvinger,Kjøtt,Fersk,Lav,Nei,Nei,Sjelden problem,Nei,,Ja,Nei,Ja,Ja,Lav,,Nei,Lav,Nei,Nei,God,Lav,Lav,Ja,Ja,Nei,"B3, B6, sink",Middels,,
Makrellstørje (fersk),Fisk,Fersk,Middels,Ja,Nei,Raskt danner histamin,Nei,,Ja,Nei,Ja,Ja,Lav,,Nei,Lav,Nei,Nei,Variabel,Lav,Middels,Ja,Ja,Nei,"D, omega-3, B12",Høy,,
Bønner (navy,hermet),Belgfrukt,Hermetisert,Middels,Ja,Mulig,Kan forårsake oppblåsthet,Nei,,Ja,Nei,Ja,Ja,Høy,GOS,fruktaner,Nei,Lav,Nei,Nei,Dårlig,Høy,Høy,Ja,Nei,Ja,"Folat, jern, magnesium",Middels
Quinoamel,Korn,Tørket,Lav,Nei,Nei,Svært godt tolerert,Nei,,Ja,Nei,Ja,Ja,Lav,,Nei,Lav,Nei,Nei,God,Middels,Høy,Ja,Nei,Ja,"Jern, magnesium, fiber",Middels,,
Grønnkål (kokt),Grønnsak,Kokt,Lav,Nei,Nei,Utmerket toleranse,Nei,,Ja,Nei,Ja,Ja,Middels,Fruktaner,Nei,Lav,Nei,Nei,Variabel,Høy,Høy,Ja,Nei,Nei,"K, A, C",Lav,,
Fiken (tørket),Frukt,Tørket,Lav,Ja,Mulig,Kan forårsake symptomer,Nei,,Ja,Nei,Ja,Ja,Høy,Fruktose,Nei,Lav,Nei,Nei,Dårlig,Høy,Høy,Nei,Nei,Ja,"Kalsium, kalium, magnesium",Høy,,
Melk (hel,pasteurisert),Meieri,Fersk,Lav,Nei,Nei,Godt tolerert,Ja,Høy,Nei,Nei,Ja,Ja,Middels,Laktose,Nei,Lav,Nei,Nei,Variabel,Lav,Lav,Ja,Nei,Ja,"Kalsium, B12, D",Middels,
Paranøtter,Nøtter/Frø,Rå,Lav,Nei,Nei,Godt tolerert,Nei,,Ja,Nei,Ja,Ja,Middels,,Nei,Lav,Nei,Nei,Variabel,Middels,Middels,Ja,Ja,Nei,"Selen, magnesium, E",Høy,,
Kalkun (filet),Kjøtt,Fersk,Lav,Nei,Nei,Sjelden problem,Nei,,Ja,Nei,Ja,Ja,Lav,,Nei,Lav,Nei,Nei,God,Lav,Lav,Ja,Nei,Nei,"B3, B6, sink",Lav,,
Sjøtunge (fersk),Fisk,Fersk,Lav,Nei,Nei,Veldig godt tolerert,Nei,,Ja,Nei,Ja,Ja,Lav,,Nei,Lav,Nei,Nei,God,Lav,Lav,Ja,Nei,Nei,"B12, fosfor, selen",Lav,,
Bønner (lima,hermet),Belgfrukt,Hermetisert,Middels,Ja,Mulig,Kan forårsake oppblåsthet,Nei,,Ja,Nei,Ja,Ja,Høy,GOS,fruktaner,Nei,Lav,Nei,Nei,Dårlig,Høy,Høy,Ja,Nei,Ja,"Folat, jern, magnesium",Middels
Maisgryn,Korn,Tørket,Lav,Nei,Nei,Svært godt tolerert,Nei,,Ja,Nei,Ja,Ja,Middels,,Nei,Lav,Nei,Nei,God,Middels,Middels,Ja,Nei,Ja,"B-vitaminer, magnesium, antioksidanter",Middels,,
Løk (kokt,liten mengde),Grønnsak,Kokt,Lav,Nei,Nei,Godt i små mengder,Nei,,Ja,Nei,Ja,Ja,Høy,Fruktaner,fruktose,Nei,Lav,Nei,Nei,Dårlig,Høy,Middels,Ja,Nei,Ja,"C, B6, kalium",Lav
Plomme,Frukt,Fersk,Lav,Nei,Nei,Godt tolerert,Nei,,Ja,Nei,Ja,Ja,Middels,Polyoler,Nei,Middels,Nei,Nei,Variabel,Middels,Middels,Nei,Nei,Ja,"C, K, antioksidanter",Lav,,
Melk (skummet),Meieri,Fersk,Lav,Nei,Nei,Godt tolerert,Ja,Middels,Ofte,Nei,Ja,Ja,Middels,Laktose,Nei,Lav,Nei,Nei,Variabel,Lav,Lav,Ja,Nei,Ja,"Kalsium, B12, protein",Lav,,
Edamamebønner (frosne),Belgfrukt,Fersk,Middels,Ja,Ja,Kan være problematisk,Nei,,Ja,Nei,Ja,Ja,Høy,GOS,fruktaner,Nei,Lav,Nei,Nei,Dårlig,Høy,Høy,Ja,Ja,Ja,"K, folat, mangan",Middels,
Kylling (hel,uten skinn),Kjøtt,Fersk,Lav,Nei,Nei,Sjelden problem,Nei,,Ja,Nei,Ja,Ja,Lav,,Nei,Lav,Nei,Nei,God,Lav,Lav,Ja,Nei,Nei,"B3, B6, selen",Lav,
Laks (oppdrett,fersk),Fisk,Fersk,Lav,Nei,Nei,Veldig godt tolerert,Nei,,Ja,Nei,Ja,Ja,Lav,,Nei,Lav,Nei,Nei,God,Lav,Lav,Ja,Ja,Nei,"D, B12, omega-3",Middels,
Bønner (adzuki,kokte),Belgfrukt,Kokt,Middels,Ja,Mulig,Kan forårsake oppblåsthet,Nei,,Ja,Nei,Ja,Ja,Høy,GOS,fruktaner,Nei,Lav,Nei,Nei,Dårlig,Høy,Høy,Ja,Nei,Ja,"Jern, folat, magnesium",Middels
Bulgur (hvete),Korn,Tørket,Lav,Nei,Nei,Godt tolerert,Nei,,Ja,Ja,Nei,Nei,Høy,Fruktaner,Nei,Lav,Nei,Nei,Dårlig,Høy,Høy,Ja,Nei,Ja,"Fiber, magnesium, jern",Middels,,
Rødbeter (kokte),Grønnsak,Kokt,Lav,Nei,Nei,Utmerket toleranse,Nei,,Ja,Nei,Ja,Ja,Middels,Polyoler (mannitol),Nei,Lav,Nei,Nei,Variabel,Middels,Middels,Nei,Nei,Ja,"Folat, mangan, kalium",Lav,,
Ananas,Frukt,Fersk,Lav,Nei,Nei,Godt tolerert,Nei,,Ja,Nei,Ja,Ja,Lav,,Nei,Middels,Nei,Nei,God,Middels,Middels,Nei,Nei,Ja,"C, mangan, bromelain",Lav,,
Kvarg (cottage cheese),Meieri,Fersk,Lav,Nei,Nei,Godt tolerert,Ja,Lav,Ja,Nei,Ja,Ja,Lav,Laktose,Nei,Lav,Nei,Nei,God,Lav,Lav,Ja,Nei,Nei,"Protein, kalsium, B12",Lav,,
Granateplekjerner,Frukt,Fersk,Lav,Nei,Nei,Godt tolerert,Nei,,Ja,Nei,Ja,Ja,Middels,,Nei,Middels,Nei,Nei,Variabel,Middels,Middels,Nei,Nei,Ja,"C, K, antioksidanter",Lav,,
Kyllinglårfilet,Kjøtt,Fersk,Lav,Nei,Nei,Sjelden problem,Nei,,Ja,Nei,Ja,Ja,Lav,,Nei,Lav,Nei,Nei,God,Lav,Lav,Ja,Ja,Nei,"B3, B6, jern",Middels,,
Torsk (torskefilet),Fisk,Fersk,Lav,Nei,Nei,Veldig godt tolerert,Nei,,Ja,Nei,Ja,Ja,Lav,,Nei,Lav,Nei,Nei,God,Lav,Lav,Ja,Nei,Nei,"B12, jod, selen",Lav,,
Bønner (cannellini,hermet),Belgfrukt,Hermetisert,Middels,Ja,Mulig,Kan forårsake oppblåsthet,Nei,,Ja,Nei,Ja,Ja,Høy,GOS,fruktaner,Nei,Lav,Nei,Nei,Dårlig,Høy,Høy,Ja,Nei,Ja,"Folat, jern, magnesium",Middels
Polenta (maismel),Korn,Kokt,Lav,Nei,Nei,Svært godt tolerert,Nei,,Ja,Nei,Ja,Ja,Middels,,Nei,Lav,Nei,Nei,God,Middels,Middels,Ja,Nei,Ja,"B-vitaminer, magnesium, antioksidanter",Middels,,
Zucchini (kokt),Grønnsak,Kokt,Lav,Nei,Nei,Utmerket toleranse,Nei,,Ja,Nei,Ja,Ja,Lav,,Nei,Lav,Nei,Nei,God,Lav,Middels,Nei,Nei,Ja,"C, magnesium, kalium",Lav,,
Grapefrukt,Frukt,Fersk,Lav,Nei,Nei,Godt tolerert,Nei,,Ja,Nei,Ja,Ja,Middels,Fruktose,Nei,Høy,Nei,Nei,Variabel,Middels,Middels,Nei,Nei,Ja,"C, A, antioksidanter",Lav,,
Ricottaost,Meieri,Fersk,Lav,Nei,Nei,Godt tolerert,Ja,Lav,Ja,Nei,Ja,Ja,Lav,Laktose,Nei,Lav,Nei,Nei,God,Lav,Lav,Ja,Ja,Nei,"Kalsium, protein, A",Middels,,
Klementin,Frukt,Fersk,Lav,Nei,Nei,Godt tolerert,Nei,,Ja,Nei,Ja,Ja,Middels,Fruktose,Nei,Høy,Nei,Nei,Variabel,Middels,Middels,Nei,Nei,Ja,"C, folat, kalium",Lav,,
Kyllingvingefilet,Kjøtt,Fersk,Lav,Nei,Nei,Sjelden problem,Nei,,Ja,Nei,Ja,Ja,Lav,,Nei,Lav,Nei,Nei,God,Lav,Lav,Ja,Ja,Nei,"B3, B6, jern",Middels,,
Seifilet,Fisk,Fersk,Lav,Nei,Nei,Veldig godt tolerert,Nei,,Ja,Nei,Ja,Ja,Lav,,Nei,Lav,Nei,Nei,God,Lav,Lav,Ja,Nei,Nei,"B12, fosfor, selen",Lav,,
Erter (grønne,frosne),Belgfrukt,Fersk,Lav,Nei,Nei,Godt tolerert,Nei,,Ja,Nei,Ja,Ja,Høy,GOS,fruktaner,Nei,Lav,Nei,Nei,Variabel,Høy,Høy,Ja,Nei,Ja,"K, C, mangan",Lav
Manio (kassava),Korn,Tørket,Lav,Nei,Nei,Svært godt tolerert,Nei,,Ja,Nei,Ja,Ja,Lav,,Nei,Lav,Nei,Nei,God,Middels,Middels,Ja,Nei,Ja,"C, folat, kalium",Høy,,
Rødløk (kokt,liten mengde),Grønnsak,Kokt,Lav,Nei,Nei,Godt i små mengder,Nei,,Ja,Nei,Ja,Ja,Høy,Fruktaner,fruktose,Nei,Lav,Nei,Nei,Dårlig,Høy,Middels,Ja,Nei,Ja,"C, B6, kalium",Lav
Nektarin,Frukt,Fersk,Lav,Nei,Nei,Godt tolerert,Nei,,Ja,Nei,Ja,Ja,Middels,Polyoler,Nei,Middels,Nei,Nei,Variabel,Middels,Middels,Nei,Nei,Ja,"C, A, kalium",Lav,,
Fetaost (lite salt),Meieri,Lagret,Middels,Ja,Mulig,Kan være problematisk,Ja,Lav,Ja,Nei,Ja,Ja,Lav,Laktose,Nei,Lav,Nei,Nei,Variabel,Lav,Lav,Ja,Ja,Nei,"Kalsium, protein, B12",Middels,,
Pasjonsfrukt,Frukt,Fersk,Lav,Nei,Nei,Godt tolerert,Nei,,Ja,Nei,Ja,Ja,Middels,,Nei,Lav,Nei,Nei,Variabel,Høy,Middels,Nei,Nei,Ja,"C, A, jern",Lav,,
Kalkun (skinke,uten tilsetninger),Kjøtt,Fersk,Lav,Nei,Nei,Sjelden problem,Nei,,Ja,Nei,Ja,Ja,Lav,,Nei,Lav,Nei,Nei,God,Lav,Lav,Ja,Nei,Nei,"B3, B6, sink",Lav,
Uerfilet,Fisk,Fersk,Lav,Nei,Nei,Veldig godt tolerert,Nei,,Ja,Nei,Ja,Ja,Lav,,Nei,Lav,Nei,Nei,God,Lav,Lav,Ja,Nei,Nei,"B12, selen, jod",Lav,,
Bønner (flageolet,hermet),Belgfrukt,Hermetisert,Middels,Ja,Mulig,Kan forårsake oppblåsthet,Nei,,Ja,Nei,Ja,Ja,Høy,GOS,fruktaner,Nei,Lav,Nei,Nei,Dårlig,Høy,Høy,Ja,Nei,Ja,"Folat, jern, magnesium",Middels
Tapioka (kassava),Korn,Tørket,Lav,Nei,Nei,Svært godt tolerert,Nei,,Ja,Nei,Ja,Ja,Lav,,Nei,Lav,Nei,Nei,God,Lav,Middels,Ja,Nei,Ja,"Kalium, kalsium, fosfor",Høy,,
Purreløk (finsk),Grønnsak,Fersk,Lav,Nei,Nei,Godt tolerert,Nei,,Ja,Nei,Ja,Ja,Middels,Fruktaner,fruktose,Nei,Lav,Nei,Nei,Variabel,Middels,Middels,Ja,Nei,Ja,"C, K, folat",Lav,
Papaya,Frukt,Fersk,Lav,Nei,Nei,Godt tolerert,Nei,,Ja,Nei,Ja,Ja,Middels,,Nei,Lav,Nei,Nei,Variabel,Middels,Middels,Nei,Nei,Ja,"C, A, folat",Lav,,
Mozzarella (fersk),Meieri,Fersk,Lav,Nei,Nei,Godt tolerert,Ja,Lav,Ja,Nei,Ja,Ja,Lav,Laktose,Nei,Lav,Nei,Nei,God,Lav,Lav,Ja,Ja,Nei,"Kalsium, protein, B12",Middels,,
Granateple,Frukt,Fersk,Lav,Nei,Nei,Godt tolerert,Nei,,Ja,Nei,Ja,Ja,Middels,,Nei,Middels,Nei,Nei,Variabel,Middels,Middels,Nei,Nei,Ja,"C, K, antioksidanter",Lav,,
Kyllingfilet (uten skinn),Kjøtt,Fersk,Lav,Nei,Nei,Sjelden problem,Nei,,Ja,Nei,Ja,Ja,Lav,,Nei,Lav,Nei,Nei,God,Lav,Lav,Ja,Nei,Nei,"B3, B6, selen",Lav,,
Torsk (skrei,fersk),Fisk,Fersk,Lav,Nei,Nei,Veldig godt tolerert,Nei,,Ja,Nei,Ja,Ja,Lav,,Nei,Lav,Nei,Nei,God,Lav,Lav,Ja,Nei,Nei,"B12, jod, selen",Lav,
Bønner (borlotti,hermet),Belgfrukt,Hermetisert,Middels,Ja,Mulig,Kan forårsake oppblåsthet,Nei,,Ja,Nei,Ja,Ja,Høy,GOS,fruktaner,Nei,Lav,Nei,Nei,Dårlig,Høy,Høy,Ja,Nei,Ja,"Folat, jern, magnesium",Middels
Teffmel,Korn,Tørket,Lav,Nei,Nei,Svært godt tolerert,Nei,,Ja,Nei,Ja,Ja,Lav,,Nei,Lav,Nei,Nei,God,Middels,Høy,Ja,Nei,Ja,"Jern, kalsium, magnesium",Middels,,
Salat (isberg),Grønnsak,Fersk,Lav,Nei,Nei,Utmerket toleranse,Nei,,Ja,Nei,Ja,Ja,Lav,,Nei,Lav,Nei,Nei,God,Lav,Lav,Nei,Nei,Ja,"K, A, folat",Lav,,
Vannmelon,Frukt,Fersk,Lav,Nei,Nei,Godt tolerert,Nei,,Ja,Nei,Ja,Ja,Lav,Fruktose (lav mengde),Nei,Lav,Nei,Nei,God,Lav,Lav,Nei,Nei,Ja,"C, A, lykopen",Lav,,
Cheddar (moden),Meieri,Lagret,Høy,Ja,Ja,Ofte problematisk,Ja,Lav,Nei,Nei,Ja,Ja,Lav,Laktose,Nei,Lav,Nei,Nei,Dårlig,Lav,Lav,Ja,Ja,Nei,"Kalsium, protein, A",Høy,,
Kalkun (brystfilet),Kjøtt,Fersk,Lav,Nei,Nei,Sjelden problem,Nei,,Ja,Nei,Ja,Ja,Lav,,Nei,Lav,Nei,Nei,God,Lav,Lav,Ja,Nei,Nei,"B3, B6, sink",Lav,,
Sei (kolje),Fisk,Fersk,Lav,Nei,Nei,Veldig godt tolerert,Nei,,Ja,Nei,Ja,Ja,Lav,,Nei,Lav,Nei,Nei,God,Lav,Lav,Ja,Nei,Nei,"B12, fosfor, selen",Lav,,
Bønner (fava,kokte),Belgfrukt,Kokt,Middels,Ja,Mulig,Kan forårsake oppblåsthet,Nei,,Ja,Nei,Ja,Ja,Høy,GOS,fruktaner,Nei,Lav,Nei,Nei,Dårlig,Høy,Høy,Ja,Nei,Ja,"Folat, jern, magnesium",Middels
Hirsemel,Korn,Tørket,Lav,Nei,Nei,Svært godt tolerert,Nei,,Ja,Nei,Ja,Ja,Lav,,Nei,Lav,Nei,Nei,God,Middels,Høy,Ja,Nei,Ja,"Jern, magnesium, silisium",Middels,,
Romainesalat,Grønnsak,Fersk,Lav,Nei,Nei,Utmerket toleranse,Nei,,Ja,Nei,Ja,Ja,Lav,,Nei,Lav,Nei,Nei,God,Lav,Høy,Nei,Nei,Ja,"K, A, folat",Lav,,
Gul melon,Frukt,Fersk,Lav,Nei,Nei,Godt tolerert,Nei,,Ja,Nei,Ja,Ja,Lav,,Nei,Lav,Nei,Nei,God,Lav,Lav,Nei,Nei,Ja,"C, A, kalium",Lav,,
Gouda (ung),Meieri,Lagret,Middels,Ja,Mulig,Kan være problematisk,Ja,Lav,Ja,Nei,Ja,Ja,Lav,Laktose,Nei,Lav,Nei,Nei,Variabel,Lav,Lav,Ja,Ja,Nei,"Kalsium, protein, B12",Middels,,
Kalkun (lårfilet),Kjøtt,Fersk,Lav,Nei,Nei,Sjelden problem,Nei,,Ja,Nei,Ja,Ja,Lav,,Nei,Lav,Nei,Nei,God,Lav,Lav,Ja,Ja,Nei,"B3, B6, sink",Middels,,
Torsk (kveite),Fisk,Fersk,Lav,Nei,Nei,Veldig godt tolerert,Nei,,Ja,Nei,Ja,Ja,Lav,,Nei,Lav,Nei,Nei,God,Lav,Lav,Ja,Nei,Nei,"B12, fosfor, selen",Lav,,
Bønner (mung,kokte),Belgfrukt,Kokt,Middels,Ja,Mulig,Kan forårsake oppblåsthet,Nei,,Ja,Nei,Ja,Ja,Høy,GOS,fruktaner,Nei,Lav,Nei,Nei,Dårlig,Høy,Høy,Ja,Nei,Ja,"Folat, jern, magnesium",Middels
Amarantmel,Korn,Tørket,Lav,Nei,Nei,Svært godt tolerert,Nei,,Ja,Nei,Ja,Ja,Lav,,Nei,Lav,Nei,Nei,God,Middels,Høy,Ja,Nei,Ja,"Jern, kalsium, magnesium",Middels,,
Spinath (rå),Grønnsak,Fersk,Lav,Nei,Nei,Utmerket toleranse,Nei,,Ja,Nei,Ja,Ja,Middels,Fruktaner,Nei,Middels,Nei,Nei,Variabel,Middels,Høy,Ja,Nei,Nei,"K, folat, jern",Lav,,
Rabarber (kokt),Frukt,Kokt,Lav,Nei,Nei,Godt tolerert,Nei,,Ja,Nei,Ja,Ja,Middels,,Nei,Lav,Nei,Nei,Variabel,Høy,Høy,Nei,Nei,Ja,"K, C, kalium",Lav,,
Emmentaler (moden),Meieri,Lagret,Høy,Ja,Ja,Ofte problematisk,Ja,Lav,Nei,Nei,Ja,Ja,Lav,Laktose,Nei,Lav,Nei,Nei,Dårlig,Lav,Lav,Ja,Ja,Nei,"Kalsium, protein, B12",Høy,,
Kylling (bryst med skinn),Kjøtt,Fersk,Lav,Nei,Nei,Sjelden problem,Nei,,Ja,Nei,Ja,Ja,Lav,,Nei,Lav,Nei,Nei,God,Lav,Lav,Ja,Ja,Nei,"B3, B6, selen",Middels,,
Laks (filet med skinn),Fisk,Fersk,Lav,Nei,Nei,Veldig godt tolerert,Nei,,Ja,Nei,Ja,Ja,Lav,,Nei,Lav,Nei,Nei,God,Lav,Lav,Ja,Ja,Nei,"D, B12, omega-3",Middels,,
Bønner (soya,kokte),Belgfrukt,Kokt,Høy,Ja,Ja,Ofte problematisk,Nei,,Ja,Nei,Ja,Ja,Høy,GOS,fruktaner,Nei,Lav,Nei,Nei,Dårlig,Høy,Høy,Ja,Ja,Ja,"K, folat, mangan",Middels
Bokhvetemel,Korn,Tørket,Lav,Nei,Nei,Svært godt tolerert,Nei,,Ja,Nei,Ja,Ja,Lav,,Nei,Lav,Nei,Nei,God,Middels,Høy,Ja,Nei,Ja,"Rutin, magnesium, sink",Middels,,
Salat (butterhead),Grønnsak,Fersk,Lav,Nei,Nei,Utmerket toleranse,Nei,,Ja,Nei,Ja,Ja,Lav,,Nei,Lav,Nei,Nei,God,Lav,Lav,Nei,Nei,Ja,"K, A, folat",Lav,,
Honningmelon,Frukt,Fersk,Lav,Nei,Nei,Godt tolerert,Nei,,Ja,Nei,Ja,Ja,Lav,,Nei,Lav,Nei,Nei,God,Lav,Lav,Nei,Nei,Ja,"C, A, kalium",Lav,,
Parmesan (moden),Meieri,Lagret,Høy,Ja,Ja,Ofte problematisk,Ja,Lav,Nei,Nei,Ja,Ja,Lav,Laktose,Nei,Lav,Nei,Nei,Dårlig,Lav,Lav,Ja,Ja,Nei,"Kalsium, protein, B12",Høy,,
Kalkun (vingefilet),Kjøtt,Fersk,Lav,Nei,Nei,Sjelden problem,Nei,,Ja,Nei,Ja,Ja,Lav,,Nei,Lav,Nei,Nei,God,Lav,Lav,Ja,Ja,Nei,"B3, B6, sink",Middels,,
Torsk (lodde,fersk),Fisk,Fersk,Lav,Nei,Nei,Veldig godt tolerert,Nei,,Ja,Nei,Ja,Ja,Lav,,Nei,Lav,Nei,Nei,God,Lav,Lav,Ja,Nei,Nei,"B12, jod, selen",Lav,
Bønner (guar,kokte),Belgfrukt,Kokt,Middels,Ja,Mulig,Kan forårsake oppblåsthet,Nei,,Ja,Nei,Ja,Ja,Høy,GOS,fruktaner,Nei,Lav,Nei,Nei,Dårlig,Høy,Høy,Ja,Nei,Ja,"Folat, jern, magnesium",Middels
Sorghummel,Korn,Tørket,Lav,Nei,Nei,Svært godt tolerert,Nei,,Ja,Nei,Ja,Ja,Lav,,Nei,Lav,Nei,Nei,God,Middels,Høy,Ja,Nei,Ja,"Jern, protein, antioksidanter",Middels,,
Endivesalat,Grønnsak,Fersk,Lav,Nei,Nei,Utmerket toleranse,Nei,,Ja,Nei,Ja,Ja,Lav,,Nei,Lav,Nei,Nei,God,Lav,Høy,Nei,Nei,Ja,"K, A, folat",Lav,,
Cantaloupe melon,Frukt,Fersk,Lav,Nei,Nei,Godt tolerert,Nei,,Ja,Nei,Ja,Ja,Lav,,Nei,Lav,Nei,Nei,God,Lav,Lav,Nei,Nei,Ja,"C, A, kalium",Lav,,
Brie (moden),Meieri,Lagret,Høy,Ja,Ja,Ofte problematisk,Ja,Lav,Nei,Nei,Ja,Ja,Lav,Laktose,Nei,Lav,Nei,Nei,Dårlig,Lav,Lav,Ja,Ja,Nei,"Kalsium, protein, B12",Høy,,
Kyllinglår (med skinn),Kjøtt,Fersk,Lav,Nei,Nei,Sjelden problem,Nei,,Ja,Nei,Ja,Ja,Lav,,Nei,Lav,Nei,Nei,God,Lav,Lav,Ja,Ja,Nei,"B3, B6, jern",Middels,,
Laks (røkt,kaldrøkt),Fisk,Røkt,Høy,Ja,Ja,Ofte problematisk,Nei,,Ja,Nei,Ja,Ja,Lav,,Ja,Lav,Ja,Nei,Dårlig,Lav,Middels,Ja,Ja,Nei,"D, omega-3, B12",Høy,
Bønner (mot,kokte),Belgfrukt,Kokt,Middels,Ja,Mulig,Kan forårsake oppblåsthet,Nei,,Ja,Nei,Ja,Ja,Høy,GOS,fruktaner,Nei,Lav,Nei,Nei,Dårlig,Høy,Høy,Ja,Nei,Ja,"Folat, jern, magnesium",Middels
Maisstivelse,Korn,Tørket,Lav,Nei,Nei,Svært godt tolerert,Nei,,Ja,Nei,Ja,Ja,Lav,,Nei,Lav,Nei,Nei,God,Lav,Lav,Nei,Nei,Ja,Lite næringsstoffer,Høy,,
Rucola (ruccola),Grønnsak,Fersk,Lav,Nei,Nei,Utmerket toleranse,Nei,,Ja,Nei,Ja,Ja,Lav,,Nei,Lav,Nei,Nei,God,Lav,Middels,Ja,Nei,Nei,"K, C, kalsium",Lav,,
Daddel (fersk),Frukt,Fersk,Lav,Nei,Nei,Godt tolerert,Nei,,Ja,Nei,Ja,Ja,Høy,Fruktose,Nei,Lav,Nei,Nei,Dårlig,Høy,Middels,Nei,Nei,Ja,"Kalium, magnesium, B6",Høy,,
Camembert (moden),Meieri,Lagret,Høy,Ja,Ja,Ofte problematisk,Ja,Lav,Nei,Nei,Ja,Ja,Lav,Laktose,Nei,Lav,Nei,Nei,Dårlig,Lav,Lav,Ja,Ja,Nei,"Kalsium, protein, B12",Høy,,
Kalkunbryst (med skinn),Kjøtt,Fersk,Lav,Nei,Nei,Sjelden problem,Nei,,Ja,Nei,Ja,Ja,Lav,,Nei,Lav,Nei,Nei,God,Lav,Lav,Ja,Nei,Nei,"B3, B6, sink",Lav,,
Makrell (røkt),Fisk,Røkt,Høy,Ja,Ja,Ofte problematisk,Nei,,Ja,Nei,Ja,Ja,Lav,,Ja,Lav,Ja,Nei,Dårlig,Lav,Middels,Ja,Ja,Nei,"D, omega-3, B12",Høy,,
Bønner (urad,kokte),Belgfrukt,Kokt,Middels,Ja,Mulig,Kan forårsake oppblåsthet,Nei,,Ja,Nei,Ja,Ja,Høy,GOS,fruktaner,Nei,Lav,Nei,Nei,Dårlig,Høy,Høy,Ja,Nei,Ja,"Folat, jern, magnesium",Middels
Potetmel,Korn,Tørket,Lav,Nei,Nei,Svært godt tolerert,Nei,,Ja,Nei,Ja,Ja,Lav,,Nei,Lav,Nei,Nei,God,Middels,Middels,Nei,Nei,Ja,"C, B6, kalium",Høy,,
Mâchesalat,Grønnsak,Fersk,Lav,Nei,Nei,Utmerket toleranse,Nei,,Ja,Nei,Ja,Ja,Lav,,Nei,Lav,Nei,Nei,God,Lav,Middels,Ja,Nei,Nei,"K, A, jern",Lav,,
Fiken (fersk),Frukt,Fersk,Lav,Nei,Nei,Godt tolerert,Nei,,Ja,Nei,Ja,Ja,Middels,Fruktose,Nei,Lav,Nei,Nei,Variabel,Middels,Middels,Nei,Nei,Ja,"K, magnesium, B6",Lav,,
Roquefort (blåmuggost),Meieri,Lagret,Høy,Ja,Ja,Ofte problematisk,Ja,Lav,Nei,Nei,Ja,Ja,Lav,Laktose,Nei,Lav,Nei,Nei,Dårlig,Lav,Lav,Ja,Ja,Nei,"Kalsium, protein, B12",Høy,,
Kyllingvinger (med skinn),Kjøtt,Fersk,Lav,Nei,Nei,Sjelden problem,Nei,,Ja,Nei,Ja,Ja,Lav,,Nei,Lav,Nei,Nei,God,Lav,Lav,Ja,Ja,Nei,"B3, B6, jern",Middels,,
Sardin (hermet i olje),Fisk,Hermetisert,Høy,Ja,Ja,Ofte problematisk,Nei,,Ja,Nei,Ja,Ja,Lav,,Ja,Lav,Ja,Nei,Dårlig,Lav,Middels,Ja,Ja,Nei,"D, omega-3, kalsium",Høy,,
Bønner (chickpea,kokte),Belgfrukt,Kokt,Middels,Ja,Mulig,Kan forårsake oppblåsthet,Nei,,Ja,Nei,Ja,Ja,Høy,GOS,fruktaner,Nei,Lav,Nei,Nei,Dårlig,Høy,Høy,Ja,Nei,Ja,"Jern, folat, fosfor",Middels
Arrowrotmel,Korn,Tørket,Lav,Nei,Nei,Svært godt tolerert,Nei,,Ja,Nei,Ja,Ja,Lav,,Nei,Lav,Nei,Nei,God,Lav,Lav,Nei,Nei,Ja,Lite næringsstoffer,Høy,,
Vårløk (scallions),Grønnsak,Fersk,Lav,Nei,Nei,Godt tolerert,Nei,,Ja,Nei,Ja,Ja,Middels,Fruktaner,fruktose,Nei,Lav,Nei,Nei,Variabel,Middels,Middels,Ja,Nei,Ja,"C, K, folat",Lav,
Persimon (sharon),Frukt,Fersk,Lav,Nei,Nei,Godt tolerert,Nei,,Ja,Nei,Ja,Ja,Middels,,Nei,Lav,Nei,Nei,Variabel,Middels,Middels,Nei,Nei,Ja,"C, A, mangan",Lav,,
Gjetost (brunost),Meieri,Prosessert,Middels,Ja,Mulig,Kan være problematisk,Ja,Middels,Ofte,Nei,Ja,Ja,Lav,Laktose,Nei,Lav,Nei,Nei,Variabel,Lav,Lav,Ja,Ja,Nei,"Kalsium, protein, B12",Høy,,
Kalkunvinger (med skinn),Kjøtt,Fersk,Lav,Nei,Nei,Sjelden problem,Nei,,Ja,Nei,Ja,Ja,Lav,,Nei,Lav,Nei,Nei,God,Lav,Lav,Ja,Ja,Nei,"B3, B6, sink",Middels,,
Tunfisk (hermet i vann),Fisk,Hermetisert,Middels,Ja,Mulig,Kan være problematisk,Nei,,Ja,Nei,Ja,Ja,Lav,,Ja,Lav,Ja,Nei,Variabel,Lav,Lav,Ja,Nei,Nei,"Protein, selen, D",Middels,,
Bønner (moth,kokte),Belgfrukt,Kokt,Middels,Ja,Mulig,Kan forårsake oppblåsthet,Nei,,Ja,Nei,Ja,Ja,Høy,GOS,fruktaner,Nei,Lav,Nei,Nei,Dårlig,Høy,Høy,Ja,Nei,Ja,"Folat, jern, magnesium",Middels
Sagomeel,Korn,Tørket,Lav,Nei,Nei,Svært godt tolerert,Nei,,Ja,Nei,Ja,Ja,Lav,,Nei,Lav,Nei,Nei,God,Middels,Høy,Ja,Nei,Ja,"Jern, kalsium, fiber",Middels,,
Radiser,Grønnsak,Fersk,Lav,Nei,Nei,Utmerket toleranse,Nei,,Ja,Nei,Ja,Ja,Lav,,Nei,Lav,Nei,Nei,God,Lav,Lav,Ja,Nei,Nei,"C, kalium, folat",Lav,,
Kaktusfiken (prickly pear),Frukt,Fersk,Lav,Nei,Nei,Godt tolerert,Nei,,Ja,Nei,Ja,Ja,Middels,,Nei,Lav,Nei,Nei,Variabel,Høy,Middels,Nei,Nei,Ja,"C, magnesium, kalium",Lav,,
Kremost (processed cheese),Meieri,Prosessert,Middels,Ja,Mulig,Kan være problematisk,Ja,Middels,Ofte,Nei,Ja,Ja,Lav,Laktose,Nei,Lav,Nei,Nei,Variabel,Lav,Lav,Ja,Ja,Nei,"Kalsium, protein, A",Middels,,
Kylling (hel med skinn),Kjøtt,Fersk,Lav,Nei,Nei,Sjelden problem,Nei,,Ja,Nei,Ja,Ja,Lav,,Nei,Lav,Nei,Nei,God,Lav,Lav,Ja,Nei,Nei,"B3, B6, selen",Middels,,
Anchovies (ansjos,hermet),Fisk,Hermetisert,Høy,Ja,Ja,Ofte problematisk,Nei,,Ja,Nei,Ja,Ja,Lav,,Ja,Lav,Ja,Nei,Dårlig,Lav,Lav,Ja,Ja,Nei,"Kalsium, omega-3, selen",Høy,
Bønner (tepary,kokte),Belgfrukt,Kokt,Middels,Ja,Mulig,Kan forårsake oppblåsthet,Nei,,Ja,Nei,Ja,Ja,Høy,GOS,fruktaner,Nei,Lav,Nei,Nei,Dårlig,Høy,Høy,Ja,Nei,Ja,"Folat, jern, magnesium",Middels
Mandelmel,Nøtter/Frø,Tørket,Lav,Nei,Nei,Godt tolerert,Nei,,Ja,Nei,Ja,Ja,Middels,,Nei,Middels,Nei,Nei,Variabel,Middels,Høy,Ja,Ja,Nei,"E, magnesium, kalsium",Høy,,
Sukkererter (snø erter),Grønnsak,Fersk,Lav,Nei,Nei,Godt tolerert,Nei,,Ja,Nei,Ja,Ja,Middels,Fruktaner,Nei,Lav,Nei,Nei,Variabel,Middels,Middels,Ja,Nei,Ja,"C, K, mangan",Lav,,
Kumquat,Frukt,Fersk,Lav,Nei,Nei,Godt tolerert,Nei,,Ja,Nei,Ja,Ja,Middels,,Nei,Høy,Nei,Nei,Variabel,Middels,Middels,Nei,Nei,Ja,"C, fiber, kalium",Lav,,
Smeltet ost (osteskive),Meieri,Prosessert,Middels,Ja,Mulig,Kan være problematisk,Ja,Middels,Ofte,Nei,Ja,Ja,Lav,Laktose,Nei,Lav,Nei,Nei,Variabel,Lav,Lav,Ja,Ja,Nei,"Kalsium, protein, A",Middels,,
Kalkun (hel med skinn),Kjøtt,Fersk,Lav,Nei,Nei,Sjelden problem,Nei,,Ja,Nei,Ja,Ja,Lav,,Nei,Lav,Nei,Nei,God,Lav,Lav,Ja,Nei,Nei,"B3, B6, sink",Middels,,
Røkt laks (hot smoked),Fisk,Røkt,Høy,Ja,Ja,Ofte problematisk,Nei,,Ja,Nei,Ja,Ja,Lav,,Ja,Lav,Ja,Nei,Dårlig,Lav,Middels,Ja,Ja,Nei,"D, omega-3, B12",Høy,,
Bønner (yardlong,kokte),Belgfrukt,Kokt,Middels,Ja,Mulig,Kan forårsake oppblåsthet,Nei,,Ja,Nei,Ja,Ja,Høy,GOS,fruktaner,Nei,Lav,Nei,Nei,Dårlig,Høy,Høy,Ja,Nei,Ja,"Folat, jern, magnesium",Middels
Kokosmel,Nøtter/Frø,Tørket,Lav,Nei,Nei,Godt tolerert,Nei,,Ja,Nei,Ja,Ja,Middels,,Nei,Lav,Nei,Nei,Variabel,Høy,Høy,Ja,Ja,Nei,"Mangan, selen, kobber",Høy,,
Fenikelknoll,Grønnsak,Fersk,Lav,Nei,Nei,Godt tolerert,Nei,,Ja,Nei,Ja,Ja,Middels,,Nei,Lav,Nei,Nei,Variabel,Middels,Høy,Ja,Nei,Ja,"C, kalium, fiber",Lav,,
Papaya (grønn),Frukt,Fersk,Lav,Nei,Nei,Godt tolerert,Nei,,Ja,Nei,Ja,Ja,Middels,,Nei,Lav,Nei,Nei,Variabel,Middels,Middels,Nei,Nei,Ja,"C, folat, papain",Lav,,
Yoghurt (lavt fett),Meieri,Fermentert,Middels,Ja,Mulig,Kan være problematisk,Ja,Middels,Ofte,Nei,Ja,Ja,Middels,Laktose,Nei,Lav,Ja,Nei,Variabel,Lav,Lav,Ja,Nei,Ja,"Kalsium, B12, probiotika",Lav,,
Kyllinglårfilet (med skinn),Kjøtt,Fersk,Lav,Nei,Nei,Sjelden problem,Nei,,Ja,Nei,Ja,Ja,Lav,,Nei,Lav,Nei,Nei,God,Lav,Lav,Ja,Ja,Nei,"B3, B6, jern",Middels,,
Sild (marinert),Fisk,Marinert,Høy,Ja,Ja,Ofte problematisk,Nei,,Ja,Nei,Ja,Ja,Lav,,Ja,Lav,Ja,Nei,Dårlig,Lav,Middels,Ja,Ja,Nei,"D, omega-3, B12",Høy,,
Bønner (snø,ferske),Grønnsak,Fersk,Lav,Nei,Nei,Godt tolerert,Nei,,Ja,Nei,Ja,Ja,Middels,Fruktaner,Nei,Lav,Nei,Nei,Variabel,Middels,Middels,Ja,Nei,Ja,"C, K, mangan",Lav,
Hasselnøttmel,Nøtter/Frø,Tørket,Lav,Nei,Nei,Godt tolerert,Nei,,Ja,Nei,Ja,Ja,Middels,,Nei,Lav,Nei,Nei,Variabel,Middels,Høy,Ja,Ja,Nei,"E, magnesium, kalsium",Høy,,
Pastinakk,Grønnsak,Fersk,Lav,Nei,Nei,Utmerket toleranse,Nei,,Ja,Nei,Ja,Ja,Høy,Polyoler (mannitol),Nei,Lav,Nei,Nei,Dårlig,Middels,Høy,Ja,Nei,Ja,"C, K, folat",Lav,,
Stjernefrukt (carambola),Frukt,Fersk,Lav,Nei,Nei,Godt tolerert,Nei,,Ja,Nei,Ja,Ja,Lav,,Nei,Lav,Nei,Nei,God,Middels,Middels,Nei,Nei,Ja,"C, antioksidanter, kalium",Lav,,
Kefir (vannbasert),Drikke,Fermentert,Lav,Nei,Nei,Godt tolerert,Nei,,Ja,Nei,Ja,Ja,Lav,,Nei,Lav,Ja,Nei,God,Lav,Lav,Nei,Nei,Ja,"Probiotika, B-vitaminer",Lav,,
Kalkunlår (med skinn),Kjøtt,Fersk,Lav,Nei,Nei,Sjelden problem,Nei,,Ja,Nei,Ja,Ja,Lav,,Nei,Lav,Nei,Nei,God,Lav,Lav,Ja,Ja,Nei,"B3, B6, sink",Middels,,
Røkt makrell (hot smoked),Fisk,Røkt,Høy,Ja,Ja,Ofte problematisk,Nei,,Ja,Nei,Ja,Ja,Lav,,Ja,Lav,Ja,Nei,Dårlig,Lav,Middels,Ja,Ja,Nei,"D, omega-3, B12",Høy,,
Bønner (snø,frosne),Grønnsak,Fersk,Lav,Nei,Nei,Godt tolerert,Nei,,Ja,Nei,Ja,Ja,Middels,Fruktaner,Nei,Lav,Nei,Nei,Variabel,Middels,Middels,Ja,Nei,Ja,"C, K, mangan",Lav,
Valnøttmel,Nøtter/Frø,Tørket,Lav,Ja,Mulig,Kan utløse hodepine hos noen,Nei,,Ja,Nei,Ja,Ja,Middels,,Nei,Lav,Nei,Nei,Variabel,Middels,Høy,Ja,Ja,Nei,"Omega-3, magnesium, antioksidanter",Høy,,
Kålrabi,Grønnsak,Fersk,Lav,Nei,Nei,Utmerket toleranse,Nei,,Ja,Nei,Ja,Ja,Middels,Fruktaner,Nei,Lav,Nei,Nei,Variabel,Middels,Høy,Ja,Nei,Ja,"C, B6, kalium",Lav,,
Guanabana (soursop),Frukt,Fersk,Lav,Nei,Nei,Godt tolerert,Nei,,Ja,Nei,Ja,Ja,Middels,,Nei,Lav,Nei,Nei,Variabel,Middels,Middels,Nei,Nei,Ja,"C, B-vitaminer, magnesium",Lav,,
Ymer (dansk fermentert melk),Meieri,Fermentert,Middels,Ja,Mulig,Kan være problematisk,Ja,Middels,Ofte,Nei,Ja,Ja,Middels,Laktose,Nei,Lav,Ja,Nei,Variabel,Lav,Lav,Ja,Nei,Ja,"Kalsium, B12, probiotika",Middels,,
Kyllingvingefilet (med skinn),Kjøtt,Fersk,Lav,Nei,Nei,Sjelden problem,Nei,,Ja,Nei,Ja,Ja,Lav,,Nei,Lav,Nei,Nei,God,Lav,Lav,Ja,Ja,Nei,"B3, B6, jern",Middels,,
Røkt ørret,Fisk,Røkt,Høy,Ja,Ja,Ofte problematisk,Nei,,Ja,Nei,Ja,Ja,Lav,,Ja,Lav,Ja,Nei,Dårlig,Lav,Middels,Ja,Ja,Nei,"Omega-3, D, B12",Høy,,
Bønner (snø,hermet),Grønnsak,Hermetisert,Lav,Nei,Nei,Godt tolerert,Nei,,Ja,Nei,Ja,Ja,Middels,Fruktaner,Nei,Lav,Nei,Nei,Variabel,Middels,Middels,Ja,Nei,Ja,"C, K, mangan",Lav,
Pecannøttmel,Nøtter/Frø,Tørket,Lav,Nei,Nei,Godt tolerert,Nei,,Ja,Nei,Ja,Ja,Middels,,Nei,Lav,Nei,Nei,Variabel,Middels,Høy,Ja,Ja,Nei,"Antioksidanter, magnesium, sink",Høy,,
Rødbetsblad,Grønnsak,Fersk,Lav,Nei,Nei,Utmerket toleranse,Nei,,Ja,Nei,Ja,Ja,Lav,,Nei,Lav,Nei,Nei,God,Middels,Middels,Ja,Nei,Nei,"K, A, jern",Lav,,
Jackfrukt,Frukt,Fersk,Lav,Nei,Nei,Godt tolerert,Nei,,Ja,Nei,Ja,Ja,Middels,Fruktose,Nei,Lav,Nei,Nei,Variabel,Høy,Middels,Ja,Nei,Ja,"C, magnesium, B6",Lav,,
Filmjölk (svensk surmelk),Meieri,Fermentert,Middels,Ja,Mulig,Kan være problematisk,Ja,Middels,Ofte,Nei,Ja,Ja,Middels,Laktose,Nei,Lav,Ja,Nei,Variabel,Lav,Lav,Ja,Nei,Ja,"Kalsium, B12, probiotika",Lav,,
Kalkunvingefilet (med skinn),Kjøtt,Fersk,Lav,Nei,Nei,Sjelden problem,Nei,,Ja,Nei,Ja,Ja,Lav,,Nei,Lav,Nei,Nei,God,Lav,Lav,Ja,Ja,Nei,"B3, B6, sink",Middels,,
Røkt sardin,Fisk,Røkt,Høy,Ja,Ja,Ofte problematisk,Nei,,Ja,Nei,Ja,Ja,Lav,,Ja,Lav,Ja,Nei,Dårlig,Lav,Middels,Ja,Ja,Nei,"D, omega-3, kalsium",Høy,,
Bønner (snø,tørkede),Grønnsak,Tørket,Lav,Nei,Nei,Godt tolerert,Nei,,Ja,Nei,Ja,Ja,Middels,Fruktaner,Nei,Lav,Nei,Nei,Variabel,Middels,Middels,Ja,Nei,Ja,"C, K, mangan",Lav,
Macadamianøttmel,Nøtter/Frø,Tørket,Lav,Nei,Nei,Godt tolerert,Nei,,Ja,Nei,Ja,Ja,Middels,,Nei,Lav,Nei,Nei,Variabel,Lav,Middels,Ja,Ja,Nei,"Mangan, B1, magnesium",Høy,,
Målselvsolskinn (Jerusalem artisjokk),Grønnsak,Fersk,Lav,Nei,Nei,Godt tolerert,Nei,,Ja,Nei,Ja,Ja,Høy,Fruktaner,Nei,Lav,Nei,Nei,Dårlig,Høy,Høy,Ja,Nei,Ja,"Jern, kalium, tiamin",Lav,,
Rambutan,Frukt,Fersk,Lav,Nei,Nei,Godt tolerert,Nei,,Ja,Nei,Ja,Ja,Middels,,Nei,Lav,Nei,Nei,Variabel,Middels,Middels,Nei,Nei,Ja,"C, kobber, mangan",Lav,,
Kulturmelk (kefir-lignende),Meieri,Fermentert,Middels,Ja,Mulig,Kan være problematisk,Ja,Middels,Ofte,Nei,Ja,Ja,Middels,Laktose,Nei,Lav,Ja,Nei,Variabel,Lav,Lav,Ja,Nei,Ja,"Kalsium, B12, probiotika",Lav,,
Kylling (bryst med ben),Kjøtt,Fersk,Lav,Nei,Nei,Sjelden problem,Nei,,Ja,Nei,Ja,Ja,Lav,,Nei,Lav,Nei,Nei,God,Lav,Lav,Ja,Nei,Nei,"B3, B6, selen",Lav,,
Røkt ansjos,Fisk,Røkt,Høy,Ja,Ja,Ofte problematisk,Nei,,Ja,Nei,Ja,Ja,Lav,,Ja,Lav,Ja,Nei,Dårlig,Lav,Lav,Ja,Ja,Nei,"Kalsium, omega-3, selen",Høy,,
Bønner (snø,spirede),Grønnsak,Spiret,Lav,Nei,Nei,Bedre enn tørkede,Nei,,Ja,Nei,Ja,Ja,Middels,Fruktaner,Nei,Lav,Nei,Nei,Variabel,Middels,Middels,Ja,Nei,Ja,"C, folat, jern",Lav,
Cashewnøttmel,Nøtter/Frø,Tørket,Lav,Nei,Nei,Godt tolerert,Nei,,Ja,Nei,Ja,Ja,Høy,,Nei,Lav,Nei,Nei,Variabel,Middels,Middels,Ja,Ja,Nei,"Jern, sink, magnesium",Høy,,
Jordskokk (topinambur),Grønnsak,Fersk,Lav,Nei,Nei,Utmerket toleranse,Nei,,Ja,Nei,Ja,Ja,Høy,Fruktaner,Nei,Lav,Nei,Nei,Dårlig,Høy,Høy,Ja,Nei,Ja,"Jern, kalium, tiamin",Lav,,
Longan,Frukt,Fersk,Lav,Nei,Nei,Godt tolerert,Nei,,Ja,Nei,Ja,Ja,Middels,,Nei,Lav,Nei,Nei,Variabel,Middels,Middels,Nei,Nei,Ja,"C, kalium, magnesium",Lav,,
Skyr (islandsk),Meieri,Fermentert,Middels,Ja,Mulig,Kan være problematisk,Ja,Lav,Ja,Nei,Ja,Ja,Lav,Laktose,Nei,Lav,Ja,Nei,Variabel,Lav,Lav,Ja,Nei,Ja,"Protein, kalsium, probiotika",Lav,,
Kalkun (bryst med ben),Kjøtt,Fersk,Lav,Nei,Nei,Sjelden problem,Nei,,Ja,Nei,Ja,Ja,Lav,,Nei,Lav,Nei,Nei,God,Lav,Lav,Ja,Nei,Nei,"B3, B6, sink",Lav,,
Røkt sild,Fisk,Røkt,Høy,Ja,Ja,Ofte problematisk,Nei,,Ja,Nei,Ja,Ja,Lav,,Ja,Lav,Ja,Nei,Dårlig,Lav,Middels,Ja,Ja,Nei,"D, omega-3, B12",Høy,,
Bønner (snø,i belg),Grønnsak,Fersk,Lav,Nei,Nei,Godt tolerert,Nei,,Ja,Nei,Ja,Ja,Middels,Fruktaner,Nei,Lav,Nei,Nei,Variabel,Middels,Middels,Ja,Nei,Ja,"C, K, mangan",Lav,
Solrosfrømell,Nøtter/Frø,Tørket,Lav,Nei,Nei,Godt tolerert,Nei,,Ja,Nei,Ja,Ja,Middels,,Nei,Lav,Nei,Nei,Variabel,Middels,Middels,Ja,Ja,Nei,"E, selen, magnesium",Høy,,
Skorsonér (svartrot),Grønnsak,Fersk,Lav,Nei,Nei,Utmerket toleranse,Nei,,Ja,Nei,Ja,Ja,Middels,Fruktaner,Nei,Lav,Nei,Nei,Variabel,Middels,Høy,Ja,Nei,Ja,"Jern, kalium, vitaminer",Lav,,
Lychee (litchi),Frukt,Fersk,Lav,Nei,Nei,Godt tolerert,Nei,,Ja,Nei,Ja,Ja,Middels,,Nei,Lav,Nei,Nei,Variabel,Middels,Middels,Nei,Nei,Ja,"C, kobber, kalium",Lav,,
Aïrg (tradisjonell fermentert melk),Meieri,Fermentert,Middels,Ja,Mulig,Kan være problematisk,Ja,Middels,Ofte,Nei,Ja,Ja,Middels,Laktose,Nei,Lav,Ja,Nei,Variabel,Lav,Lav,Ja,Nei,Ja,"Kalsium, B12, probiotika",Lav,,
Kyllinglår (med ben),Kjøtt,Fersk,Lav,Nei,Nei,Sjelden problem,Nei,,Ja,Nei,Ja,Ja,Lav,,Nei,Lav,Nei,Nei,God,Lav,Lav,Ja,Ja,Nei,"B3, B6, jern",Middels,,
Røkt tunfisk,Fisk,Røkt,Høy,Ja,Ja,Ofte problematisk,Nei,,Ja,Nei,Ja,Ja,Lav,,Ja,Lav,Ja,Nei,Dårlig,Lav,Lav,Ja,Nei,Nei,"Protein, selen, D",Middels,,
Bønner (snø,konserv),Grønnsak,Hermetisert,Lav,Nei,Nei,Godt tolerert,Nei,,Ja,Nei,Ja,Ja,Middels,Fruktaner,Nei,Lav,Nei,Nei,Variabel,Middels,Middels,Ja,Nei,Ja,"C, K, mangan",Lav,
Sesammell,Nøtter/Frø,Tørket,Lav,Nei,Nei,Godt tolerert,Nei,,Ja,Nei,Ja,Ja,Middels,,Nei,Lav,Nei,Nei,Variabel,Middels,Høy,Ja,Ja,Nei,"Kalsium, jern, magnesium",Høy,,
Palmerthjerter,Grønnsak,Fersk,Lav,Nei,Nei,Utmerket toleranse,Nei,,Ja,Nei,Ja,Ja,Middels,,Nei,Lav,Nei,Nei,Variabel,Middels,Middels,Ja,Nei,Ja,"Fiber, kalium, sink",Lav,,
Mangosteen,Frukt,Fersk,Lav,Nei,Nei,Godt tolerert,Nei,,Ja,Nei,Ja,Ja,Middels,,Nei,Lav,Nei,Nei,Variabel,Middels,Middels,Nei,Nei,Ja,"C, folat, mangan",Lav,,
Långfil (svensk fil),Meieri,Fermentert,Middels,Ja,Mulig,Kan være problematisk,Ja,Middels,Ofte,Nei,Ja,Ja,Middels,Laktose,Nei,Lav,Ja,Nei,Variabel,Lav,Lav,Ja,Nei,Ja,"Kalsium, B12, probiotika",Lav,,
Kalkunlår (med ben),Kjøtt,Fersk,Lav,Nei,Nei,Sjelden problem,Nei,,Ja,Nei,Ja,Ja,Lav,,Nei,Lav,Nei,Nei,God,Lav,Lav,Ja,Ja,Nei,"B3, B6, sink",Middels,,
Røkt fisk (generelt),Fisk,Røkt,Høy,Ja,Ja,Ofte problematisk,Nei,,Ja,Nei,Ja,Ja,Lav,,Ja,Lav,Ja,Nei,Dårlig,Lav,Variabel,Ja,Ja,Nei,Variasjoner,Variabel,,
Bønner (snø,tinned),Grønnsak,Hermetisert,Lav,Nei,Nei,Godt tolerert,Nei,,Ja,Nei,Ja,Ja,Middels,Fruktaner,Nei,Lav,Nei,Nei,Variabel,Middels,Middels,Ja,Nei,Ja,"C, K, mangan",Lav,
Chiafrømell,Nøtter/Frø,Tørket,Lav,Nei,Nei,Godt tolerert,Nei,,Ja,Nei,Ja,Ja,Høy,,Nei,Lav,Nei,Nei,Variabel,Høy,Høy,Ja,Ja,Ja,"Omega-3, kalsium, fiber",Høy,,
Artiskokkhjerter,Grønnsak,Hermetisert,Lav,Nei,Nei,Godt tolerert,Nei,,Ja,Nei,Ja,Ja,Høy,Fruktaner,Nei,Lav,Nei,Nei,Dårlig,Høy,Høy,Ja,Nei,Ja,"Folat, C, K",Lav,,
Durian,Frukt,Fersk,Lav,Ja,Mulig,Kan utløse reaksjoner,Nei,,Ja,Nei,Ja,Ja,Høy,,Nei,Lav,Nei,Nei,Dårlig,Høy,Høy,Ja,Nei,Ja,"C, B-vitaminer, kalium",Høy,,
Tzatziki (gresk saus),Meieri,Fermentert,Middels,Ja,Mulig,Kan være problematisk,Ja,Lav,Ja,Nei,Ja,Ja,Middels,Laktose,Nei,Lav,Ja,Nei,Variabel,Lav,Lav,Ja,Nei,Ja,"Probiotika, kalsium",Lav,,
Kyllingvinger (med ben),Kjøtt,Fersk,Lav,Nei,Nei,Sjelden problem,Nei,,Ja,Nei,Ja,Ja,Lav,,Nei,Lav,Nei,Nei,God,Lav,Lav,Ja,Ja,Nei,"B3, B6, jern",Middels,,
Gravlaks (lakserett),Fisk,Marinert,Høy,Ja,Ja,Ofte problematisk,Nei,,Ja,Nei,Ja,Ja,Lav,,Ja,Lav,Ja,Nei,Dårlig,Lav,Middels,Ja,Ja,Nei,"D, omega-3, B12",Høy,,
Bønner (snø,saltet),Grønnsak,Prosessert,Lav,Nei,Nei,Avhenger av tilsetningsstoffer,Nei,,Ja,Nei,Ja,Ja,Middels,Fruktaner,Nei,Lav,Nei,Ja (nitrater),Variabel,Middels,Middels,Ja,Nei,Ja,"C, K, mangan",Lav,
Linfrømell,Nøtter/Frø,Tørket,Lav,Nei,Nei,Godt tolerert,Nei,,Ja,Nei,Ja,Ja,Høy,,Nei,Lav,Nei,Nei,Variabel,Høy,Høy,Ja,Ja,Nei,"Omega-3, lignin, magnesium",Høy,,
Aspargestilker (grønne),Grønnsak,Fersk,Lav,Nei,Nei,Godt tolerert,Nei,,Ja,Nei,Ja,Ja,Høy,Fruktaner,Nei,Lav,Nei,Nei,Dårlig,Høy,Middels,Ja,Nei,Nei,"K, folat, A",Lav,,
Salak (snake fruit),Frukt,Fersk,Lav,Nei,Nei,Godt tolerert,Nei,,Ja,Nei,Ja,Ja,Middels,,Nei,Lav,Nei,Nei,Variabel,Middels,Middels,Nei,Nei,Ja,"C, jern, kalium",Lav,,
Rømme (seterrømme),Meieri,Fermentert,Middels,Ja,Mulig,Kan være problematisk,Ja,Lav,Ja,Nei,Ja,Ja,Lav,Laktose,Nei,Lav,Ja,Nei,Variabel,Lav,Lav,Ja,Ja,Nei,"Kalsium, A, D",Middels,,
Kalkunvinger (med ben),Kjøtt,Fersk,Lav,Nei,Nei,Sjelden problem,Nei,,Ja,Nei,Ja,Ja,Lav,,Nei,Lav,Nei,Nei,God,Lav,Lav,Ja,Ja,Nei,"B3, B6, sink",Middels,,
Surstrømming (fermentert sild),Fisk,Fermentert,Høy,Ja,Ja,Svært problematisk,Nei,,Ja,Nei,Ja,Ja,Lav,,Ja,Lav,Ja,Nei,Dårlig,Lav,Middels,Ja,Ja,Nei,"D, omega-3, B12",Høy,,
Bønner (snø,syltet),Grønnsak,Marinert,Lav,Nei,Nei,Avhenger av tilsetningsstoffer,Nei,,Ja,Nei,Ja,Ja,Middels,Fruktaner,Ja (eddik),Lav,Nei,Ja (konserveringsmidler),Variabel,Middels,Middels,Ja,Nei,Ja,"C, K, mangan",Lav,
Hempfrømell (hampefrø),Nøtter/Frø,Tørket,Lav,Nei,Nei,Godt tolerert,Nei,,Ja,Nei,Ja,Ja,Middels,,Nei,Lav,Nei,Nei,Variabel,Høy,Høy,Ja,Ja,Nei,"Omega-3, protein, magnesium",Høy,,
Aspargestilker (hvite),Grønnsak,Fersk,Lav,Nei,Nei,Godt tolerert,Nei,,Ja,Nei,Ja,Ja,Høy,Fruktaner,Nei,Lav,Nei,Nei,Dårlig,Høy,Middels,Ja,Nei,Nei,"K, folat, A",Lav,,
Pitaya (dragon fruit),Frukt,Fersk,Lav,Nei,Nei,Godt tolerert,Nei,,Ja,Nei,Ja,Ja,Lav,,Nei,Lav,Nei,Nei,God,Høy,Middels,Nei,Nei,Ja,"C, antioksidanter, jern",Lav,,
Crème fraîche,Meieri,Fermentert,Middels,Ja,Mulig,Kan være problematisk,Ja,Lav,Ja,Nei,Ja,Ja,Lav,Laktose,Nei,Lav,Ja,Nei,Variabel,Lav,Lav,Ja,Ja,Nei,"Kalsium, A, D",Middels,,
Kylling (hel,med ben og skinn),Kjøtt,Fersk,Lav,Nei,Nei,Sjelden problem,Nei,,Ja,Nei,Ja,Ja,Lav,,Nei,Lav,Nei,Nei,God,Lav,Lav,Ja,Nei,Nei,"B3, B6, selen",Middels,
Lutefisk (lutefisk),Fisk,Prosessert,Middels,Ja,Mulig,Kan være problematisk,Nei,,Ja,Nei,Ja,Ja,Lav,,Ja,Lav,Ja,Nei,Variabel,Lav,Lav,Ja,Nei,Nei,"Protein, selen, B12",Lav,,
Bønner (snø,fryst),Grønnsak,Fersk,Lav,Nei,Nei,Godt tolerert,Nei,,Ja,Nei,Ja,Ja,Middels,Fruktaner,Nei,Lav,Nei,Nei,Variabel,Middels,Middels,Ja,Nei,Ja,"C, K, mangan",Lav,
Pumpkin Seed Meal (gresskarmell),Nøtter/Frø,Tørket,Lav,Nei,Nei,Godt tolerert,Nei,,Ja,Nei,Ja,Ja,Middels,,Nei,Lav,Nei,Nei,Variabel,Middels,Høy,Ja,Ja,Nei,"Magnesium, sink, jern",Høy,,
Bambusskudd (ferske),Grønnsak,Fersk,Lav,Nei,Nei,Godt tolerert,Nei,,Ja,Nei,Ja,Ja,Middels,,Nei,Lav,Nei,Nei,Variabel,Middels,Middels,Ja,Nei,Ja,"Fiber, kalium, silisium",Lav,,
Feijoa,Frukt,Fersk,Lav,Nei,Nei,Godt tolerert,Nei,,Ja,Nei,Ja,Ja,Middels,,Nei,Lav,Nei,Nei,Variabel,Middels,Middels,Nei,Nei,Ja,"C, fiber, folat",Lav,,
Smetana (østeuropeisk rømme),Meieri,Fermentert,Middels,Ja,Mulig,Kan være problematisk,Ja,Lav,Ja,Nei,Ja,Ja,Lav,Laktose,Nei,Lav,Ja,Nei,Variabel,Lav,Lav,Ja,Ja,Nei,"Kalsium, A, D",Middels,,
Kalkun (hel,med ben og skinn),Kjøtt,Fersk,Lav,Nei,Nei,Sjelden problem,Nei,,Ja,Nei,Ja,Ja,Lav,,Nei,Lav,Nei,Nei,God,Lav,Lav,Ja,Nei,Nei,"B3, B6, sink",Middels,
Bacalhau (saltfisk),Fisk,Saltet,Høy,Ja,Ja,Ofte problematisk,Nei,,Ja,Nei,Ja,Ja,Lav,,Ja,Lav,Ja,Nei,Dårlig,Lav,Lav,Ja,Nei,Nei,"Protein, B12, selen",Middels,,
Bønner (snø,dehydrert),Grønnsak,Tørket,Lav,Nei,Nei,Godt tolerert,Nei,,Ja,Nei,Ja,Ja,Middels,Fruktaner,Nei,Lav,Nei,Nei,Variabel,Middels,Middels,Ja,Nei,Ja,"C, K, mangan",Lav,
Watermelon Seed Meal (vannmelonfrømell),Nøtter/Frø,Tørket,Lav,Nei,Nei,Godt tolerert,Nei,,Ja,Nei,Ja,Ja,Middels,,Nei,Lav,Nei,Nei,Variabel,Middels,Middels,Ja,Ja,Nei,"Magnesium, jern, sink",Høy,,
Okra (fersk),Grønnsak,Fersk,Lav,Nei,Nei,Godt tolerert,Nei,,Ja,Nei,Ja,Ja,Middels,Fruktaner,Nei,Lav,Nei,Nei,Variabel,Høy,Middels,Ja,Nei,Ja,"C, K, magnesium",Lav,,
Cherimoya,Frukt,Fersk,Lav,Nei,Nei,Godt tolerert,Nei,,Ja,Nei,Ja,Ja,Middels,,Nei,Lav,Nei,Nei,Variabel,Middels,Middels,Nei,Nei,Ja,"C, B-vitaminer, kalium",Lav,,
Kajmak (balkansk kremost),Meieri,Fermentert,Middels,Ja,Mulig,Kan være problematisk,Ja,Lav,Ja,Nei,Ja,Ja,Lav,Laktose,Nei,Lav,Ja,Nei,Variabel,Lav,Lav,Ja,Ja,Nei,"Kalsium, protein, A",Middels,,
Kylling (filet uten ben),Kjøtt,Fersk,Lav,Nei,Nei,Sjelden problem,Nei,,Ja,Nei,Ja,Ja,Lav,,Nei,Lav,Nei,Nei,God,Lav,Lav,Ja,Nei,Nei,"B3, B6, selen",Lav,,
Stockfish (tørrfisk),Fisk,Tørket,Høy,Ja,Ja,Ofte problematisk,Nei,,Ja,Nei,Ja,Ja,Lav,,Ja,Lav,Ja,Nei,Dårlig,Lav,Lav,Ja,Nei,Nei,"Protein, B12, selen",Middels,,
Bønner (snø,fryst og kokt),Grønnsak,Kokt,Lav,Nei,Nei,Godt tolerert,Nei,,Ja,Nei,Ja,Ja,Middels,Fruktaner,Nei,Lav,Nei,Nei,Variabel,Middels,Middels,Ja,Nei,Ja,"C, K, mangan",Lav,
Sunflower Seed Meal (solsikkefrømell),Nøtter/Frø,Tørket,Lav,Nei,Nei,Godt tolerert,Nei,,Ja,Nei,Ja,Ja,Middels,,Nei,Lav,Nei,Nei,Variabel,Middels,Middels,Ja,Ja,Nei,"E, selen, magnesium",Høy,,
Chayote (chayotesquash),Grønnsak,Fersk,Lav,Nei,Nei,Godt tolerert,Nei,,Ja,Nei,Ja,Ja,Lav,,Nei,Lav,Nei,Nei,God,Middels,Middels,Ja,Nei,Ja,"C, folat, mangan",Lav,,
Sugar Apple (sukkereple),Frukt,Fersk,Lav,Nei,Nei,Godt tolerert,Nei,,Ja,Nei,Ja,Ja,Middels,,Nei,Lav,Nei,Nei,Variabel,Middels,Middels,Nei,Nei,Ja,"C, B-vitaminer, kalium",Lav,,
Labneh (strainet yoghurt),Meieri,Fermentert,Middels,Ja,Mulig,Kan være problematisk,Ja,Lav,Ja,Nei,Ja,Ja,Lav,Laktose,Nei,Lav,Ja,Nei,Variabel,Lav,Lav,Ja,Nei,Ja,"Protein, kalsium, probiotika",Lav,,
Kalkun (filet uten ben),Kjøtt,Fersk,Lav,Nei,Nei,Sjelden problem,Nei,,Ja,Nei,Ja,Ja,Lav,,Nei,Lav,Nei,Nei,God,Lav,Lav,Ja,Nei,Nei,"B3, B6, sink",Lav,,
Klippfisk (salt og tørket),Fisk,Saltet og tørket,Høy,Ja,Ja,Ofte problematisk,Nei,,Ja,Nei,Ja,Ja,Lav,,Ja,Lav,Ja,Nei,Dårlig,Lav,Lav,Ja,Nei,Nei,"Protein, B12, selen",Middels,,
Bønner (snø,i pose fryst),Grønnsak,Fersk,Lav,Nei,Nei,Godt tolerert,Nei,,Ja,Nei,Ja,Ja,Middels,Fruktaner,Nei,Lav,Nei,Nei,Variabel,Middels,Middels,Ja,Nei,Ja,"C, K, mangan",Lav,
Poppy Seed Meal (valmuefrømell),Nøtter/Frø,Tørket,Lav,Nei,Nei,Godt tolerert,Nei,,Ja,Nei,Ja,Ja,Middels,,Nei,Lav,Nei,Nei,Variabel,Middels,Middels,Ja,Ja,Nei,"Kalsium, magnesium, fosfor",Høy,,
Taro (taro rot),Grønnsak,Fersk,Lav,Nei,Nei,Godt tolerert,Nei,,Ja,Nei,Ja,Ja,Middels,,Nei,Lav,Nei,Nei,Variabel,Høy,Høy,Ja,Nei,Ja,"C, E, kalium",Lav,,
Sapodilla (chikoo),Frukt,Fersk,Lav,Nei,Nei,Godt tolerert,Nei,,Ja,Nei,Ja,Ja,Middels,,Nei,Lav,Nei,Nei,Variabel,Middels,Middels,Nei,Nei,Ja,"C, jern, kalium",Lav,,
Ayran (tyrkisk drikke),Drikke,Fermentert,Middels,Ja,Mulig,Kan være problematisk,Ja,Middels,Ofte,Nei,Ja,Ja,Middels,Laktose,Nei,Lav,Ja,Nei,Variabel,Lav,Lav,Ja,Nei,Ja,"Kalsium, probiotika",Lav,,
Kylling (filet med ben),Kjøtt,Fersk,Lav,Nei,Nei,Sjelden problem,Nei,,Ja,Nei,Ja,Ja,Lav,,Nei,Lav,Nei,Nei,God,Lav,Lav,Ja,Nei,Nei,"B3, B6, selen",Lav,,
Rakfisk (fermentert fisk),Fisk,Fermentert,Høy,Ja,Ja,Svært problematisk,Nei,,Ja,Nei,Ja,Ja,Lav,,Ja,Lav,Ja,Nei,Dårlig,Lav,Middels,Ja,Ja,Nei,"Protein, omega-3, D",Høy,,
Bønner (snø,løsvekt fryst),Grønnsak,Fersk,Lav,Nei,Nei,Godt tolerert,Nei,,Ja,Nei,Ja,Ja,Middels,Fruktaner,Nei,Lav,Nei,Nei,Variabel,Middels,Middels,Ja,Nei,Ja,"C, K, mangan",Lav,
Mustard Seed Meal (sennepsfrømell),Nøtter/Frø,Tørket,Lav,Nei,Nei,Godt tolerert,Nei,,Ja,Nei,Ja,Ja,Middels,,Nei,Lav,Nei,Nei,Variabel,Middels,Middels,Ja,Ja,Nei,"Selen, magnesium, omega-3",Høy,,
Cassava (maniok),Grønnsak,Fersk,Lav,Nei,Nei,Godt tolerert,Nei,,Ja,Nei,Ja,Ja,Lav,,Nei,Lav,Nei,Nei,God,Middels,Middels,Ja,Nei,Ja,"C, folat, kalium",Høy,,
Canistel (egg fruit),Frukt,Fersk,Lav,Nei,Nei,Godt tolerert,Nei,,Ja,Nei,Ja,Ja,Middels,,Nei,Lav,Nei,Nei,Variabel,Middels,Middels,Nei,Nei,Ja,"A, C, kalium",Lav,,
Kefir (kokosbasert),Drikke,Fermentert,Lav,Nei,Nei,Godt tolerert,Nei,,Ja,Nei,Ja,Ja,Lav,,Nei,Lav,Ja,Nei,God,Lav,Lav,Nei,Nei,Ja,"Probiotika, elektrolytter",Lav,,
Kalkun (filet med ben),Kjøtt,Fersk,Lav,Nei,Nei,Sjelden problem,Nei,,Ja,Nei,Ja,Ja,Lav,,Nei,Lav,Nei,Nei,God,Lav,Lav,Ja,Nei,Nei,"B3, B6, sink",Lav,,
Surimi (imitasjonskrabbe),Fisk,Prosessert,Middels,Ja,Mulig,Kan være problematisk,Nei,,Ja,Nei,Ja,Ja,Lav,,Ja,Lav,Ja,Ja (tilsetningsstoffer),Variabel,Lav,Lav,Ja,Nei,Nei,"Protein, omega-3, B12",Lav,,
Bønner (snø,fryst pose),Grønnsak,Fersk,Lav,Nei,Nei,Godt tolerert,Nei,,Ja,Nei,Ja,Ja,Middels,Fruktaner,Nei,Lav,Nei,Nei,Variabel,Middels,Middels,Ja,Nei,Ja,"C, K, mangan",Lav,
Flax Seed Meal (linfrømell),Nøtter/Frø,Tørket,Lav,Nei,Nei,Godt tolerert,Nei,,Ja,Nei,Ja,Ja,Høy,,Nei,Lav,Nei,Nei,Variabel,Høy,Høy,Ja,Ja,Nei,"Omega-3, lignin, magnesium",Høy,,
Malanga (yautia),Grønnsak,Fersk,Lav,Nei,Nei,Godt tolerert,Nei,,Ja,Nei,Ja,Ja,Middels,,Nei,Lav,Nei,Nei,Variabel,Høy,Høy,Ja,Nei,Ja,"C, B-vitaminer, kalium",Lav,,
Breadfruit (brødfrukt),Frukt,Fersk,Lav,Nei,Nei,Godt tolerert,Nei,,Ja,Nei,Ja,Ja,Middels,,Nei,Lav,Nei,Nei,Variabel,Høy,Høy,Ja,Nei,Ja,"C, kalium, fiber",Lav,,
Buttermilk (buttermelk),Meieri,Fermentert,Middels,Ja,Mulig,Kan være problematisk,Ja,Middels,Ofte,Nei,Ja,Ja,Middels,Laktose,Nei,Lav,Ja,Nei,Variabel,Lav,Lav,Ja,Nei,Ja,"Kalsium, B12, probiotika",Lav,,
Kylling (hel,filet),Kjøtt,Fersk,Lav,Nei,Nei,Sjelden problem,Nei,,Ja,Nei,Ja,Ja,Lav,,Nei,Lav,Nei,Nei,God,Lav,Lav,Ja,Nei,Nei,"B3, B6, selen",Lav,
Fish Balls (fiskeboller),Fisk,Prosessert,Middels,Ja,Mulig,Kan være problematisk,Nei,,Ja,Nei,Ja,Ja,Lav,,Ja,Lav,Ja,Ja (tilsetningsstoffer),Variabel,Lav,Lav,Ja,Nei,Nei,"Protein, omega-3, B12",Lav,,
Bønner (snø,fryst boks),Grønnsak,Fersk,Lav,Nei,Nei,Godt tolerert,Nei,,Ja,Nei,Ja,Ja,Middels,Fruktaner,Nei,Lav,Nei,Nei,Variabel,Middels,Middels,Ja,Nei,Ja,"C, K, mangan",Lav,
Hemp Seed Meal (hampefrømell),Nøtter/Frø,Tørket,Lav,Nei,Nei,Godt tolerert,Nei,,Ja,Nei,Ja,Ja,Middels,,Nei,Lav,Nei,Nei,Variabel,Høy,Høy,Ja,Ja,Nei,"Omega-3, protein, magnesium",Høy,,
Dasheen (taro variant),Grønnsak,Fersk,Lav,Nei,Nei,Godt tolerert,Nei,,Ja,Nei,Ja,Ja,Middels,,Nei,Lav,Nei,Nei,Variabel,Høy,Høy,Ja,Nei,Ja,"C, E, kalium",Lav,,
Custard Apple (kjerneposefrukt),Frukt,Fersk,Lav,Nei,Nei,Godt tolerert,Nei,,Ja,Nei,Ja,Ja,Middels,,Nei,Lav,Nei,Nei,Variabel,Middels,Middels,Nei,Nei,Ja,"C, B-vitaminer, kalium",Lav,,
Kumis (fermentert hestemelk),Meieri,Fermentert,Middels,Ja,Mulig,Kan være problematisk,Ja,Middels,Ofte,Nei,Ja,Ja,Middels,Laktose,Nei,Lav,Ja,Nei,Variabel,Lav,Lav,Ja,Nei,Ja,"Kalsium, probiotika, B12",Lav,,
Kalkun (hel,filet),Kjøtt,Fersk,Lav,Nei,Nei,Sjelden problem,Nei,,Ja,Nei,Ja,Ja,Lav,,Nei,Lav,Nei,Nei,God,Lav,Lav,Ja,Nei,Nei,"B3, B6, sink",Lav,
Fish Cakes (fiskekaker),Fisk,Prosessert,Middels,Ja,Mulig,Kan være problematisk,Nei,,Ja,Nei,Ja,Ja,Lav,,Ja,Lav,Ja,Ja (tilsetningsstoffer),Variabel,Lav,Lav,Ja,Nei,Nei,"Protein, omega-3, B12",Lav,,
Bønner (snø,fryst glass),Grønnsak,Fersk,Lav,Nei,Nei,Godt tolerert,Nei,,Ja,Nei,Ja,Ja,Middels,Fruktaner,Nei,Lav,Nei,Nei,Variabel,Middels,Middels,Ja,Nei,Ja,"C, K, mangan",Lav,
Sesame Seed Meal (sesamfrømell),Nøtter/Frø,Tørket,Lav,Nei,Nei,Godt tolerert,Nei,,Ja,Nei,Ja,Ja,Middels,,Nei,Lav,Nei,Nei,Variabel,Middels,Høy,Ja,Ja,Nei,"Kalsium, jern, magnesium",Høy,,
Eddoe (taro type),Grønnsak,Fersk,Lav,Nei,Nei,Godt tolerert,Nei,,Ja,Nei,Ja,Ja,Middels,,Nei,Lav,Nei,Nei,Variabel,Høy,Høy,Ja,Nei,Ja,"C, E, kalium",Lav,,
Atemoya (sukkereple/kjernepose hybrid),Frukt,Fersk,Lav,Nei,Nei,Godt tolerert,Nei,,Ja,Nei,Ja,Ja,Middels,,Nei,Lav,Nei,Nei,Variabel,Middels,Middels,Nei,Nei,Ja,"C, B-vitaminer, kalium",Lav,,
Viili (finsk fermentert melk),Meieri,Fermentert,Middels,Ja,Mulig,Kan være problematisk,Ja,Middels,Ofte,Nei,Ja,Ja,Middels,Laktose,Nei,Lav,Ja,Nei,Variabel,Lav,Lav,Ja,Nei,Ja,"Kalsium, B12, probiotika",Lav,,
Kylling (bryst,benløs),Kjøtt,Fersk,Lav,Nei,Nei,Sjelden problem,Nei,,Ja,Nei,Ja,Ja,Lav,,Nei,Lav,Nei,Nei,God,Lav,Lav,Ja,Nei,Nei,"B3, B6, selen",Lav,
Fish Sticks (fiskepinner),Fisk,Prosessert,Middels,Ja,Mulig,Kan være problematisk,Nei,,Ja,Nei,Ja,Ja,Lav,,Ja,Lav,Ja,Ja (tilsetningsstoffer),Variabel,Lav,Lav,Ja,Nei,Nei,"Protein, omega-3, B12",Lav,,
Bønner (snø,fryst plast),Grønnsak,Fersk,Lav,Nei,Nei,Godt tolerert,Nei,,Ja,Nei,Ja,Ja,Middels,Fruktaner,Nei,Lav,Nei,Nei,Variabel,Middels,Middels,Ja,Nei,Ja,"C, K, mangan",Lav,
Pumpkin Seed Meal (gresskarfrømell),Nøtter/Frø,Tørket,Lav,Nei,Nei,Godt tolerert,Nei,,Ja,Nei,Ja,Ja,Middels,,Nei,Lav,Nei,Nei,Variabel,Middels,Høy,Ja,Ja,Nei,"Magnesium, sink, jern",Høy,,
Yam (søtpotet lignende),Grønnsak,Fersk,Lav,Nei,Nei,Godt tolerert,Nei,,Ja,Nei,Ja,Ja,Middels,,Nei,Lav,Nei,Nei,Variabel,Høy,Høy,Ja,Nei,Ja,"C, B6, kalium",Lav,,
White Sapote (hvit sapote),Frukt,Fersk,Lav,Nei,Nei,Godt tolerert,Nei,,Ja,Nei,Ja,Ja,Middels,,Nei,Lav,Nei,Nei,Variabel,Middels,Middels,Nei,Nei,Ja,"C, kalium, fiber",Lav,,
Filmjölk (svensk kulturmelk),Meieri,Fermentert,Middels,Ja,Mulig,Kan være problematisk,Ja,Middels,Ofte,Nei,Ja,Ja,Middels,Laktose,Nei,Lav,Ja,Nei,Variabel,Lav,Lav,Ja,Nei,Ja,"Kalsium, B12, probiotika",Lav,,
Kalkun (bryst,benløst),Kjøtt,Fersk,Lav,Nei,Nei,Sjelden problem,Nei,,Ja,Nei,Ja,Ja,Lav,,Nei,Lav,Nei,Nei,God,Lav,Lav,Ja,Nei,Nei,"B3, B6, sink",Lav,
Fish Fingers (fiskefinger),Fisk,Prosessert,Middels,Ja,Mulig,Kan være problematisk,Nei,,Ja,Nei,Ja,Ja,Lav,,Ja,Lav,Ja,Ja (tilsetningsstoffer),Variabel,Lav,Lav,Ja,Nei,Nei,"Protein, omega-3, B12",Lav,,
Bønner (snø,fryst beholder),Grønnsak,Fersk,Lav,Nei,Nei,Godt tolerert,Nei,,Ja,Nei,Ja,Ja,Middels,Fruktaner,Nei,Lav,Nei,Nei,Variabel,Middels,Middels,Ja,Nei,Ja,"C, K, mangan",Lav,
Sunflower Seed Meal (solsikkefrø mel),Nøtter/Frø,Tørket,Lav,Nei,Nei,Godt tolerert,Nei,,Ja,Nei,Ja,Ja,Middels,,Nei,Lav,Nei,Nei,Variabel,Middels,Middels,Ja,Ja,Nei,"E, selen, magnesium",Høy,,
Jicama (mexicansk turnips),Grønnsak,Fersk,Lav,Nei,Nei,Godt tolerert,Nei,,Ja,Nei,Ja,Ja,Middels,Fruktaner,Nei,Lav,Nei,Nei,Variabel,Høy,Middels,Ja,Nei,Ja,"C, kalium, magnesium",Lav,,
Black Sapote (svart sapote),Frukt,Fersk,Lav,Nei,Nei,Godt tolerert,Nei,,Ja,Nei,Ja,Ja,Middels,,Nei,Lav,Nei,Nei,Variabel,Middels,Middels,Nei,Nei,Ja,"C, kalium, jern",Lav,,
Yoghurt (soyabasert),Meieri,Fermentert,Lav,Nei,Nei,Godt tolerert,Nei,,Ja,Nei,Ja,Ja,Lav,,Nei,Lav,Ja,Nei,God,Lav,Lav,Ja,Nei,Ja,"Protein, kalsium, probiotika",Lav,,
Kylling (lår,benløse),Kjøtt,Fersk,Lav,Nei,Nei,Sjelden problem,Nei,,Ja,Nei,Ja,Ja,Lav,,Nei,Lav,Nei,Nei,God,Lav,Lav,Ja,Ja,Nei,"B3, B6, jern",Middels,
Crab Sticks (krabbe pinner),Fisk,Prosessert,Middels,Ja,Mulig,Kan være problematisk,Nei,,Ja,Nei,Ja,Ja,Lav,,Ja,Lav,Ja,Ja (tilsetningsstoffer),Variabel,Lav,Lav,Ja,Nei,Nei,"Protein, omega-3, B12",Lav,,
Bønner (snø,fryst eske),Grønnsak,Fersk,Lav,Nei,Nei,Godt tolerert,Nei,,Ja,Nei,Ja,Ja,Middels,Fruktaner,Nei,Lav,Nei,Nei,Variabel,Middels,Middels,Ja,Nei,Ja,"C, K, mangan",Lav,
Watermelon Seed Meal (vannmelon frø mel),Nøtter/Frø,Tørket,Lav,Nei,Nei,Godt tolerert,Nei,,Ja,Nei,Ja,Ja,Middels,,Nei,Lav,Nei,Nei,Variabel,Middels,Middels,Ja,Ja,Nei,"Magnesium, jern, sink",Høy,,
Breadnut (brødnøtt),Grønnsak,Fersk,Lav,Nei,Nei,Godt tolerert,Nei,,Ja,Nei,Ja,Ja,Middels,,Nei,Lav,Nei,Nei,Variabel,Høy,Høy,Ja,Nei,Ja,"C, kalium, magnesium",Lav,,
Mamey Sapote,Frukt,Fersk,Lav,Nei,Nei,Godt tolerert,Nei,,Ja,Nei,Ja,Ja,Middels,,Nei,Lav,Nei,Nei,Variabel,Middels,Middels,Nei,Nei,Ja,"C, A, kalium",Lav,,
Kefir (mandelbasert),Drikke,Fermentert,Lav,Nei,Nei,Godt tolerert,Nei,,Ja,Nei,Ja,Ja,Lav,,Nei,Lav,Ja,Nei,God,Lav,Lav,Nei,Nei,Ja,"Probiotika, vitaminer",Lav,,
Kalkun (lår,benløse),Kjøtt,Fersk,Lav,Nei,Nei,Sjelden problem,Nei,,Ja,Nei,Ja,Ja,Lav,,Nei,Lav,Nei,Nei,God,Lav,Lav,Ja,Ja,Nei,"B3, B6, sink",Middels,
Imitation Crab (imitasjon krabbe),Fisk,Prosessert,Middels,Ja,Mulig,Kan være problematisk,Nei,,Ja,Nei,Ja,Ja,Lav,,Ja,Lav,Ja,Ja (tilsetningsstoffer),Variabel,Lav,Lav,Ja,Nei,Nei,"Protein, omega-3, B12",Lav,,
Bønner (snø,fryst papp),Grønnsak,Fersk,Lav,Nei,Nei,Godt tolerert,Nei,,Ja,Nei,Ja,Ja,Middels,Fruktaner,Nei,Lav,Nei,Nei,Variabel,Middels,Middels,Ja,Nei,Ja,"C, K, mangan",Lav,
Poppy Seed Meal (valmue frø mel),Nøtter/Frø,Tørket,Lav,Nei,Nei,Godt tolerert,Nei,,Ja,Nei,Ja,Ja,Middels,,Nei,Lav,Nei,Nei,Variabel,Middels,Middels,Ja,Ja,Nei,"Kalsium, magnesium, fosfor",Høy,,
Chinese Water Chestnut (vannkastanje),Grønnsak,Fersk,Lav,Nei,Nei,Godt tolerert,Nei,,Ja,Nei,Ja,Ja,Lav,,Nei,Lav,Nei,Nei,God,Middels,Middels,Ja,Nei,Ja,"B6, kalium, kobber",Lav,,
Green Sapote (grønn sapote),Frukt,Fersk,Lav,Nei,Nei,Godt tolerert,Nei,,Ja,Nei,Ja,Ja,Middels,,Nei,Lav,Nei,Nei,Variabel,Middels,Middels,Nei,Nei,Ja,"C, kalium, fiber",Lav,,
Plant Based Yoghurt (plantebasert yoghurt),Meieri,Fermentert,Lav,Nei,Nei,Godt tolerert,Nei,,Ja,Nei,Ja,Ja,Lav,,Nei,Lav,Ja,Nei,God,Lav,Lav,Ja,Nei,Ja,Varierer,Lav,,
Kylling (vinger,benløse),Kjøtt,Fersk,Lav,Nei,Nei,Sjelden problem,Nei,,Ja,Nei,Ja,Ja,Lav,,Nei,Lav,Nei,Nei,God,Lav,Lav,Ja,Ja,Nei,"B3, B6, jern",Middels,
Fish Roe (fiskeegg),Fisk,Fersk,Middels,Ja,Nei,Kan være problematisk,Nei,,Ja,Nei,Ja,Ja,Lav,,Nei,Lav,Nei,Nei,Variabel,Lav,Lav,Ja,Ja,Nei,"Omega-3, D, B12",Høy,,
Bønner (snø,fryst kartong),Grønnsak,Fersk,Lav,Nei,Nei,Godt tolerert,Nei,,Ja,Nei,Ja,Ja,Middels,Fruktaner,Nei,Lav,Nei,Nei,Variabel,Middels,Middels,Ja,Nei,Ja,"C, K, mangan",Lav,
Mustard Seed Meal (sennep frø mel),Nøtter/Frø,Tørket,Lav,Nei,Nei,Godt tolerert,Nei,,Ja,Nei,Ja,Ja,Middels,,Nei,Lav,Nei,Nei,Variabel,Middels,Middels,Ja,Ja,Nei,"Selen, magnesium, omega-3",Høy,,
Lotus Root (lotusrot),Grønnsak,Fersk,Lav,Nei,Nei,Godt tolerert,Nei,,Ja,Nei,Ja,Ja,Middels,,Nei,Lav,Nei,Nei,Variabel,Middels,Høy,Ja,Nei,Ja,"C, kalium, fosfor",Lav,,
Yellow Sapote (gul sapote),Frukt,Fersk,Lav,Nei,Nei,Godt tolerert,Nei,,Ja,Nei,Ja,Ja,Middels,,Nei,Lav,Nei,Nei,Variabel,Middels,Middels,Nei,Nei,Ja,"C, kalium, karotenoider",Lav,,
Almond Yoghurt (mandelyoghurt),Meieri,Fermentert,Lav,Nei,Nei,Godt tolerert,Nei,,Ja,Nei,Ja,Ja,Lav,,Nei,Lav,Ja,Nei,God,Lav,Lav,Ja,Nei,Ja,"Vitamin E, kalsium",Lav,,
Kalkun (vinger,benløse),Kjøtt,Fersk,Lav,Nei,Nei,Sjelden problem,Nei,,Ja,Nei,Ja,Ja,Lav,,Nei,Lav,Nei,Nei,God,Lav,Lav,Ja,Ja,Nei,"B3, B6, sink",Middels,
Caviar (kaviar),Fisk,Fermentert,Høy,Ja,Ja,Ofte problematisk,Nei,,Ja,Nei,Ja,Ja,Lav,,Ja,Lav,Ja,Nei,Dårlig,Lav,Lav,Ja,Ja,Nei,"Omega-3, D, B12",Høy,,
Bønner (snø,fryst metall),Grønnsak,Fersk,Lav,Nei,Nei,Godt tolerert,Nei,,Ja,Nei,Ja,Ja,Middels,Fruktaner,Nei,Lav,Nei,Nei,Variabel,Middels,Middels,Ja,Nei,Ja,"C, K, mangan",Lav,
Flax Seed Meal (lin frø mel),Nøtter/Frø,Tørket,Lav,Nei,Nei,Godt tolerert,Nei,,Ja,Nei,Ja,Ja,Høy,,Nei,Lav,Nei,Nei,Variabel,Høy,Høy,Ja,Ja,Nei,"Omega-3, lignin, magnesium",Høy,,
Bamboo Shoots (hermet),Grønnsak,Hermetisert,Lav,Nei,Nei,Godt tolerert,Nei,,Ja,Nei,Ja,Ja,Middels,,Nei,Lav,Nei,Nei,Variabel,Middels,Middels,Ja,Nei,Ja,"Fiber, kalium, silisium",Lav,,
Sapodilla Plum (sapodilla plomme),Frukt,Fersk,Lav,Nei,Nei,Godt tolerert,Nei,,Ja,Nei,Ja,Ja,Middels,,Nei,Lav,Nei,Nei,Variabel,Middels,Middels,Nei,Nei,Ja,"C, jern, kalium",Lav,,
Coconut Yoghurt (kokosyoghurt),Meieri,Fermentert,Lav,Nei,Nei,Godt tolerert,Nei,,Ja,Nei,Ja,Ja,Lav,,Nei,Lav,Ja,Nei,God,Lav,Lav,Ja,Nei,Ja,"MCT-fett, elektrolytter",Middels,,
Kylling (hel,benløs),Kjøtt,Fersk,Lav,Nei,Nei,Sjelden problem,Nei,,Ja,Nei,Ja,Ja,Lav,,Nei,Lav,Nei,Nei,God,Lav,Lav,Ja,Nei,Nei,"B3, B6, selen",Lav,
Fish Paste (fiskepasta),Fisk,Prosessert,Høy,Ja,Ja,Ofte problematisk,Nei,,Ja,Nei,Ja,Ja,Lav,,Ja,Lav,Ja,Ja (tilsetningsstoffer),Dårlig,Lav,Lav,Ja,Nei,Nei,"Protein, omega-3, B12",Lav,,
Bønner (snø,fryst tetrapak),Grønnsak,Fersk,Lav,Nei,Nei,Godt tolerert,Nei,,Ja,Nei,Ja,Ja,Middels,Fruktaner,Nei,Lav,Nei,Nei,Variabel,Middels,Middels,Ja,Nei,Ja,"C, K, mangan",Lav,
Hemp Seed Meal (hamp frø mel),Nøtter/Frø,Tørket,Lav,Nei,Nei,Godt tolerert,Nei,,Ja,Nei,Ja,Ja,Middels,,Nei,Lav,Nei,Nei,Variabel,Høy,Høy,Ja,Ja,Nei,"Omega-3, protein, magnesium",Høy,,
Water Chestnut (hermet),Grønnsak,Hermetisert,Lav,Nei,Nei,Godt tolerert,Nei,,Ja,Nei,Ja,Ja,Lav,,Nei,Lav,Nei,Nei,God,Middels,Middels,Ja,Nei,Ja,"B6, kalium, kobber",Lav,,
Miracle Fruit (mirakelbær),Frukt,Fersk,Lav,Nei,Nei,Godt tolerert,Nei,,Ja,Nei,Ja,Ja,Lav,,Nei,Lav,Nei,Nei,God,Lav,Lav,Nei,Nei,Ja,"Antioksidanter, glykoprotein",Lav,,
Soy Yoghurt (soyayoghurt),Meieri,Fermentert,Lav,Nei,Nei,Godt tolerert,Nei,,Ja,Nei,Ja,Ja,Lav,,Nei,Lav,Ja,Nei,God,Lav,Lav,Ja,Nei,Ja,"Protein, kalsium, probiotika",Lav,,
Kalkun (hel,benløs),Kjøtt,Fersk,Lav,Nei,Nei,Sjelden problem,Nei,,Ja,Nei,Ja,Ja,Lav,,Nei,Lav,Nei,Nei,God,Lav,Lav,Ja,Nei,Nei,"B3, B6, sink",Lav,
Fish Sauce (fiskesaus),Fisk,Fermentert,Høy,Ja,Ja,Ofte problematisk,Nei,,Ja,Nei,Ja,Ja,Lav,,Ja,Lav,Ja,Nei,Dårlig,Lav,Lav,Nei,Nei,Ja,"Protein, mineraler",Lav,,
Bønner (snø,fryst posong),Grønnsak,Fersk,Lav,Nei,Nei,Godt tolerert,Nei,,Ja,Nei,Ja,Ja,Middels,Fruktaner,Nei,Lav,Nei,Nei,Variabel,Middels,Middels,Ja,Nei,Ja,"C, K, mangan",Lav,
Sesame Seed Meal (sesam frø mel),Nøtter/Frø,Tørket,Lav,Nei,Nei,Godt tolerert,Nei,,Ja,Nei,Ja,Ja,Middels,,Nei,Lav,Nei,Nei,Variabel,Middels,Høy,Ja,Ja,Nei,"Kalsium, jern, magnesium",Høy,,
Hearts of Palm (palmehjerter,hermet),Grønnsak,Hermetisert,Lav,Nei,Nei,Godt tolerert,Nei,,Ja,Nei,Ja,Ja,Middels,,Nei,Lav,Nei,Nei,Variabel,Middels,Middels,Ja,Nei,Ja,"Fiber, kalium, sink",Lav,
Ackee (akee),Frukt,Fersk,Lav,Nei,Nei,Bare modne,Nei,,Ja,Nei,Ja,Ja,Middels,,Nei,Lav,Nei,Nei,Variabel,Middels,Middels,Nei,Nei,Ja,"C, A, kalium",Lav,,
Oat Yoghurt (havreyoghurt),Meieri,Fermentert,Lav,Nei,Nei,Godt tolerert,Nei,,Ja,Nei,Ja,Ja,Lav,,Nei,Lav,Ja,Nei,God,Lav,Lav,Ja,Nei,Ja,"Fiber, B-vitaminer",Lav,,
Kylling (filet,alle deler),Kjøtt,Fersk,Lav,Nei,Nei,Sjelden problem,Nei,,Ja,Nei,Ja,Ja,Lav,,Nei,Lav,Nei,Nei,God,Lav,Lav,Ja,Nei,Nei,"B3, B6, selen",Lav,
Shrimp Paste (rekesaus),Fisk,Fermentert,Høy,Ja,Ja,Ofte problematisk,Nei,,Ja,Nei,Ja,Ja,Lav,,Ja,Lav,Ja,Nei,Dårlig,Lav,Lav,Ja,Nei,Nei,"Protein, omega-3, mineraler",Lav,,
Bønner (snø,fryst emballasje),Grønnsak,Fersk,Lav,Nei,Nei,Godt tolerert,Nei,,Ja,Nei,Ja,Ja,Middels,Fruktaner,Nei,Lav,Nei,Nei,Variabel,Middels,Middels,Ja,Nei,Ja,"C, K, mangan",Lav,
Pumpkin Seed Meal (gresskar frø mel),Nøtter/Frø,Tørket,Lav,Nei,Nei,Godt tolerert,Nei,,Ja,Nei,Ja,Ja,Middels,,Nei,Lav,Nei,Nei,Variabel,Middels,Høy,Ja,Ja,Nei,"Magnesium, sink, jern",Høy,,
Artichoke Hearts (hermet),Grønnsak,Hermetisert,Lav,Nei,Nei,Godt tolerert,Nei,,Ja,Nei,Ja,Ja,Høy,Fruktaner,Nei,Lav,Nei,Nei,Dårlig,Høy,Høy,Ja,Nei,Ja,"Folat, C, K",Lav,,
Horned Melon (hornmelon),Frukt,Fersk,Lav,Nei,Nei,Godt tolerert,Nei,,Ja,Nei,Ja,Ja,Lav,,Nei,Lav,Nei,Nei,God,Middels,Middels,Nei,Nei,Ja,"C, A, magnesium",Lav,,
Cashew Yoghurt (cashewyoghurt),Meieri,Fermentert,Lav,Nei,Nei,Godt tolerert,Nei,,Ja,Nei,Ja,Ja,Høy,,Nei,Lav,Ja,Nei,Variabel,Lav,Lav,Ja,Nei,Ja,"Jern, sink, magnesium",Lav,,
Kalkun (filet,alle deler),Kjøtt,Fersk,Lav,Nei,Nei,Sjelden problem,Nei,,Ja,Nei,Ja,Ja,Lav,,Nei,Lav,Nei,Nei,God,Lav,Lav,Ja,Nei,Nei,"B3, B6, sink",Lav,
Oyster Sauce (østerssaus),Fisk,Fermentert,Høy,Ja,Ja,Ofte problematisk,Nei,,Ja,Nei,Ja,Ja,Lav,,Ja,Lav,Ja,Nei,Dårlig,Lav,Lav,Nei,Nei,Ja,"Protein, mineraler",Lav,,
Bønner (snø,fryst pakning),Grønnsak,Fersk,Lav,Nei,Nei,Godt tolerert,Nei,,Ja,Nei,Ja,Ja,Middels,Fruktaner,Nei,Lav,Nei,Nei,Variabel,Middels,Middels,Ja,Nei,Ja,"C, K, mangan",Lav,
Sunflower Seed Meal (solskinn frø mel),Nøtter/Frø,Tørket,Lav,Nei,Nei,Godt tolerert,Nei,,Ja,Nei,Ja,Ja,Middels,,Nei,Lav,Nei,Nei,Variabel,Middels,Middels,Ja,Ja,Nei,"E, selen, magnesium",Høy,,
Palm Hearts (ferske),Grønnsak,Fersk,Lav,Nei,Nei,Godt tolerert,Nei,,Ja,Nei,Ja,Ja,Middels,,Nei,Lav,Nei,Nei,Variabel,Middels,Middels,Ja,Nei,Ja,"Fiber, kalium, sink",Lav,,
Pepino (pepinomelon),Frukt,Fersk,Lav,Nei,Nei,Godt tolerert,Nei,,Ja,Nei,Ja,Ja,Lav,,Nei,Lav,Nei,Nei,God,Middels,Middels,Nei,Nei,Ja,"C, A, kalium",Lav,,
Rice Yoghurt (risyoghurt),Meieri,Fermentert,Lav,Nei,Nei,Godt tolerert,Nei,,Ja,Nei,Ja,Ja,Lav,,Nei,Lav,Ja,Nei,God,Lav,Lav,Ja,Nei,Ja,"B-vitaminer, mineraler",Lav,,
Kylling (hel,alle kategorier),Kjøtt,Fersk,Lav,Nei,Nei,Sjelden problem,Nei,,Ja,Nei,Ja,Ja,Lav,,Nei,Lav,Nei,Nei,God,Lav,Lav,Ja,Nei,Nei,"B3, B6, selen",Lav,
Fish Stock (fiskefond),Fisk,Kokt,Middels,Ja,Mulig,Kan være problematisk,Nei,,Ja,Nei,Ja,Ja,Lav,,Ja,Lav,Nei,Nei,Variabel,Lav,Lav,Nei,Nei,Ja,"Mineraler, gelatine",Lav,,
Bønner (snø,fryst forpakning),Grønnsak,Fersk,Lav,Nei,Nei,Godt tolerert,Nei,,Ja,Nei,Ja,Ja,Middels,Fruktaner,Nei,Lav,Nei,Nei,Variabel,Middels,Middels,Ja,Nei,Ja,"C, K, mangan",Lav,
Watermelon Seed Meal (vassmelon frø mel),Nøtter/Frø,Tørket,Lav,Nei,Nei,Godt tolerert,Nei,,Ja,Nei,Ja,Ja,Middels,,Nei,Lav,Nei,Nei,Variabel,Middels,Middels,Ja,Ja,Nei,"Magnesium, jern, sink",Høy,,
Fiddleheads (bregneknopper),Grønnsak,Fersk,Lav,Nei,Nei,Godt tolerert,Nei,,Ja,Nei,Ja,Ja,Middels,,Nei,Lav,Nei,Nei,Variabel,Middels,Middels,Ja,Nei,Ja,"A, C, jern",Lav,,
Pawpaw (asimin),Frukt,Fersk,Lav,Nei,Nei,Godt tolerert,Nei,,Ja,Nei,Ja,Ja,Middels,,Nei,Lav,Nei,Nei,Variabel,Middels,Middels,Nei,Nei,Ja,"C, magnesium, jern",Lav,,
Hemp Yoghurt (hempyoghurt),Meieri,Fermentert,Lav,Nei,Nei,Godt tolerert,Nei,,Ja,Nei,Ja,Ja,Middels,,Nei,Lav,Ja,Nei,Variabel,Lav,Lav,Ja,Nei,Ja,"Omega-3, protein, magnesium",Lav,,
Kalkun (hel,alle kategorier),Kjøtt,Fersk,Lav,Nei,Nei,Sjelden problem,Nei,,Ja,Nei,Ja,Ja,Lav,,Nei,Lav,Nei,Nei,God,Lav,Lav,Ja,Nei,Nei,"B3, B6, sink",Lav,
Clam Juice (muslingesaft),Fisk,Rå,Middels,Ja,Mulig,Kan være problematisk,Nei,,Ja,Nei,Ja,Ja,Lav,,Ja,Lav,Nei,Nei,Variabel,Lav,Lav,Nei,Nei,Ja,"Mineraler, B12",Lav,,
Bønner (snø,fryst innpakning),Grønnsak,Fersk,Lav,Nei,Nei,Godt tolerert,Nei,,Ja,Nei,Ja,Ja,Middels,Fruktaner,Nei,Lav,Nei,Nei,Variabel,Middels,Middels,Ja,Nei,Ja,"C, K, mangan",Lav,
Poppy Seed Meal (valmue frø mjøl),Nøtter/Frø,Tørket,Lav,Nei,Nei,Godt tolerert,Nei,,Ja,Nei,Ja,Ja,Middels,,Nei,Lav,Nei,Nei,Variabel,Middels,Middels,Ja,Ja,Nei,"Kalsium, magnesium, fosfor",Høy,,
Nopales (kaktusblad),Grønnsak,Fersk,Lav,Nei,Nei,Godt tolerert,Nei,,Ja,Nei,Ja,Ja,Middels,,Nei,Lav,Nei,Nei,Variabel,Høy,Middels,Ja,Nei,Ja,"C, magnesium, kalium",Lav,,
Mammee Apple (mammee eple),Frukt,Fersk,Lav,Nei,Nei,Godt tolerert,Nei,,Ja,Nei,Ja,Ja,Middels,,Nei,Lav,Nei,Nei,Variabel,Middels,Middels,Nei,Nei,Ja,"C, A, kalium",Lav,,
Lupin Yoghurt (lupinyoghurt),Meieri,Fermentert,Lav,Nei,Nei,Godt tolerert,Nei,,Ja,Nei,Ja,Ja,Middels,,Nei,Lav,Ja,Nei,Variabel,Lav,Lav,Ja,Nei,Ja,"Protein, fiber, mineraler",Lav,,
Kylling (alt,generelt),Kjøtt,Fersk,Lav,Nei,Nei,Sjelden problem,Nei,,Ja,Nei,Ja,Ja,Lav,,Nei,Lav,Nei,Nei,God,Lav,Lav,Ja,Nei,Nei,"B3, B6, selen",Lav,
Fish Tea (fiskete),Fisk,Kokt,Middels,Ja,Mulig,Kan være problematisk,Nei,,Ja,Nei,Ja,Ja,Lav,,Ja,Lav,Nei,Nei,Variabel,Lav,Lav,Nei,Nei,Ja,"Mineraler, protein",Lav,,
Bønner (snø,siste oppføring),Grønnsak,Fersk,Lav,Nei,Nei,Godt tolerert,Nei,,Ja,Nei,Ja,Ja,Middels,Fruktaner,Nei,Lav,Nei,Nei,Variabel,Middels,Middels,Ja,Nei,Ja,"C, K, mangan",Lav,
Mustard Seed Meal (senneps frø mel),Nøtter/Frø,Tørket,Lav,Nei,Nei,Godt tolerert,Nei,,Ja,Nei,Ja,Ja,Middels,,Nei,Lav,Nei,Nei,Variabel,Middels,Middels,Ja,Ja,Nei,"Selen, magnesium, omega-3",Høy,,
Chayote Leaves (chayoteblader),Grønnsak,Fersk,Lav,Nei,Nei,Godt tolerert,Nei,,Ja,Nei,Ja,Ja,Lav,,Nei,Lav,Nei,Nei,God,Middels,Middels,Ja,Nei,Ja,"C, folat, mangan",Lav,,
Safou (afrikansk pære),Frukt,Fersk,Lav,Nei,Nei,Godt tolerert,Nei,,Ja,Nei,Ja,Ja,Middels,,Nei,Lav,Nei,Nei,Variabel,Middels,Middels,Nei,Nei,Ja,"Fett, vitaminer, mineraler",Høy,,
Quinoa Yoghurt (quinoayoghurt),Meieri,Fermentert,Lav,Nei,Nei,Godt tolerert,Nei,,Ja,Nei,Ja,Ja,Lav,,Nei,Lav,Ja,Nei,God,Lav,Lav,Ja,Nei,Ja,"Protein, jern, magnesium",Lav,,
Kalkun (alt,generelt),Kjøtt,Fersk,Lav,Nei,Nei,Sjelden problem,Nei,,Ja,Nei,Ja,Ja,Lav,,Nei,Lav,Nei,Nei,God,Lav,Lav,Ja,Nei,Nei,"B3, B6, sink",Lav,
Sea Urchin (sjøpinnsvin),Fisk,Rå,Middels,Ja,Mulig,Kan være problematisk,Nei,,Ja,Nei,Ja,Ja,Lav,,Ja,Lav,Nei,Nei,Variabel,Lav,Lav,Ja,Ja,Nei,"Omega-3, sink, protein",Høy,,
Bønner (snø,fullført),Grønnsak,Fersk,Lav,Nei,Nei,Godt tolerert,Nei,,Ja,Nei,Ja,Ja,Middels,Fruktaner,Nei,Lav,Nei,Nei,Variabel,Middels,Middels,Ja,Nei,Ja,"C, K, mangan",Lav,
Flax Seed Meal (lin frø mjøl),Nøtter/Frø,Tørket,Lav,Nei,Nei,Godt tolerert,Nei,,Ja,Nei,Ja,Ja,Høy,,Nei,Lav,Nei,Nei,Variabel,Høy,Høy,Ja,Ja,Nei,"Omega-3, lignin, magnesium",Høy,,
Lotus Stem (lotusstilk),Grønnsak,Fersk,Lav,Nei,Nei,Godt tolerert,Nei,,Ja,Nei,Ja,Ja,Middels,,Nei,Lav,Nei,Nei,Variabel,Middels,Høy,Ja,Nei,Ja,"C, kalium, fosfor",Lav,,
Java Apple (java eple),Frukt,Fersk,Lav,Nei,Nei,Godt tolerert,Nei,,Ja,Nei,Ja,Ja,Middels,,Nei,Lav,Nei,Nei,Variabel,Middels,Middels,Nei,Nei,Ja,"C, fiber, kalium",Lav,,
Spelt Yoghurt (speltyoghurt),Meieri,Fermentert,Lav,Nei,Nei,Godt tolerert,Nei,,Ja,Ja,Nei,Nei,Middels,,Nei,Lav,Ja,Nei,Variabel,Lav,Lav,Ja,Nei,Ja,"Fiber, B-vitaminer",Lav,,
Alle rene kjøtttyper,Kjøtt,Fersk,Lav,Nei,Nei,Sjelden problem,Nei,,Ja,Nei,Ja,Ja,Lav,,Nei,Lav,Nei,Nei,God,Lav,Lav,Ja,Nei,Nei,"B-vitaminer, mineraler",Variabel,,
Sea Cucumber (sjøpølse),Fisk,Rå,Middels,Ja,Mulig,Kan være problematisk,Nei,,Ja,Nei,Ja,Ja,Lav,,Ja,Lav,Nei,Nei,Variabel,Lav,Lav,Ja,Nei,Nei,"Protein, mineraler",Lav,,
Bønner (snø,siste vare),Grønnsak,Fersk,Lav,Nei,Nei,Godt tolerert,Nei,,Ja,Nei,Ja,Ja,Middels,Fruktaner,Nei,Lav,Nei,Nei,Variabel,Middels,Middels,Ja,Nei,Ja,"C, K, mangan",Lav,
Hemp Seed Meal (hamp frø mjøl),Nøtter/Frø,Tørket,Lav,Nei,Nei,Godt tolerert,Nei,,Ja,Nei,Ja,Ja,Middels,,Nei,Lav,Nei,Nei,Variabel,Høy,Høy,Ja,Ja,Nei,"Omega-3, protein, magnesium",Høy,,
Bamboo Shoots (tørkede),Grønnsak,Tørket,Lav,Nei,Nei,Godt tolerert,Nei,,Ja,Nei,Ja,Ja,Middels,,Nei,Lav,Nei,Nei,Variabel,Middels,Middels,Ja,Nei,Ja,"Fiber, kalium, silisium",Lav,,
Rose Apple (rose eple),Frukt,Fersk,Lav,Nei,Nei,Godt tolerert,Nei,,Ja,Nei,Ja,Ja,Middels,,Nei,Lav,Nei,Nei,Variabel,Middels,Middels,Nei,Nei,Ja,"C, fiber, A",Lav,,
Pea Yoghurt (ertiyoghurt),Meieri,Fermentert,Lav,Nei,Nei,Godt tolerert,Nei,,Ja,Nei,Ja,Ja,Middels,,Nei,Lav,Ja,Nei,Variabel,Lav,Lav,Ja,Nei,Ja,"Protein, fiber, jern",Lav,,
Alle rene fisketyper,Fisk,Fersk,Lav,Nei,Nei,Veldig godt tolerert,Nei,,Ja,Nei,Ja,Ja,Lav,,Nei,Lav,Nei,Nei,God,Lav,Lav,Ja,Nei,Nei,"Omega-3, D, B12",Variabel,,
Krill (krill),Fisk,Fersk,Middels,Ja,Mulig,Kan være problematisk,Nei,,Ja,Nei,Ja,Ja,Lav,,Nei,Lav,Nei,Nei,Variabel,Lav,Lav,Ja,Ja,Nei,"Omega-3, antioksidanter",Middels,,
Bønner (snø,400. vare),Grønnsak,Fersk,Lav,Nei,Nei,Godt tolerert,Nei,,Ja,Nei,Ja,Ja,Middels,Fruktaner,Nei,Lav,Nei,Nei,Variabel,Middels,Middels,Ja,Nei,Ja,"C, K, mangan",Lav,
Sesame Seed Meal (sesam frø mjøl),Nøtter/Frø,Tørket,Lav,Nei,Nei,Godt tolerert,Nei,,Ja,Nei,Ja,Ja,Middels,,Nei,Lav,Nei,Nei,Variabel,Middels,Høy,Ja,Ja,Nei,"Kalsium, jern, magnesium",Høy,,
Water Chestnut (tørkede),Grønnsak,Tørket,Lav,Nei,Nei,Godt tolerert,Nei,,Ja,Nei,Ja,Ja,Lav,,Nei,Lav,Nei,Nei,God,Middels,Middels,Ja,Nei,Ja,"B6, kalium, kobber",Lav,,
Malay Apple (malay eple),Frukt,Fersk,Lav,Nei,Nei,Godt tolerert,Nei,,Ja,Nei,Ja,Ja,Middels,,Nei,Lav,Nei,Nei,Variabel,Middels,Middels,Nei,Nei,Ja,"C, fiber, jern",Lav,,
Millet Yoghurt (hirseyoghurt),Meieri,Fermentert,Lav,Nei,Nei,Godt tolerert,Nei,,Ja,Nei,Ja,Ja,Lav,,Nei,Lav,Ja,Nei,God,Lav,Lav,Ja,Nei,Ja,"Magnesium, fosfor, B-vitaminer",Lav,,
Alle rene eggprodukter,Egg,Fersk,Lav,Ja (hvite),Nei,Hvite kan være problem,Nei,,Ja,Nei,Ja,Ja,Lav,,Nei,Lav,Nei,Nei,God,Lav,Lav,Ja,Ja,Nei,"B12, D, kolin",Variabel,,
Seaweed (tang/alger),Fisk,Fersk,Lav,Nei,Nei,Godt tolerert,Nei,,Ja,Nei,Ja,Ja,Middels,,Nei,Lav,Nei,Nei,Variabel,Høy,Høy,Ja,Nei,Nei,"Jod, mineraler, antioksidanter",Lav,,
Bønner (snø,siste oppføringen),Grønnsak,Fersk,Lav,Nei,Nei,Godt tolerert,Nei,,Ja,Nei,Ja,Ja,Middels,Fruktaner,Nei,Lav,Nei,Nei,Variabel,Middels,Middels,Ja,Nei,Ja,"C, K, mangan",Lav,
Pumpkin Seed Meal (gresskar frø mjøl),Nøtter/Frø,Tørket,Lav,Nei,Nei,Godt tolerert,Nei,,Ja,Nei,Ja,Ja,Middels,,Nei,Lav,Nei,Nei,Variabel,Middels,Høy,Ja,Ja,Nei,"Magnesium, sink, jern",Høy,,
Lotus Root (tørkede),Grønnsak,Tørket,Lav,Nei,Nei,Godt tolerert,Nei,,Ja,Nei,Ja,Ja,Middels,,Nei,Lav,Nei,Nei,Variabel,Middels,Høy,Ja,Nei,Ja,"C, kalium, fosfor",Lav,,
Star Apple (stjerneeple),Frukt,Fersk,Lav,Nei,Nei,Godt tolerert,Nei,,Ja,Nei,Ja,Ja,Middels,,Nei,Lav,Nei,Nei,Variabel,Middels,Middels,Nei,Nei,Ja,"C, kalium, antioksidanter",Lav,,
Teff Yoghurt (teffyoghurt),Meieri,Fermentert,Lav,Nei,Nei,Godt tolerert,Nei,,Ja,Nei,Ja,Ja,Lav,,Nei,Lav,Ja,Nei,God,Lav,Lav,Ja,Nei,Ja,"Jern, kalsium, magnesium",Lav,,
Alle rene belgfrukter,Belgfrukt,Fersk,Middels,Ja,Mulig,Kan forårsake oppblåsthet,Nei,,Ja,Nei,Ja,Ja,Høy,GOS,fruktaner,Nei,Lav,Nei,Nei,Dårlig,Høy,Høy,Ja,Nei,Ja,"Jern, folat, fiber",Variabel,
Fish (all,unprocessed),Fisk,Fersk,Lav,Nei,Nei,Veldig godt tolerert,Nei,,Ja,Nei,Ja,Ja,Lav,,Nei,Lav,Nei,Nei,God,Lav,Lav,Ja,Nei,Nei,"Omega-3, D, B12",Variabel,
Bønner (snø,siste matvaren),Grønnsak,Fersk,Lav,Nei,Nei,Godt tolerert,Nei,,Ja,Nei,Ja,Ja,Middels,Fruktaner,Nei,Lav,Nei,Nei,Variabel,Middels,Middels,Ja,Nei,Ja,"C, K, mangan",Lav,
Sunflower Seed Meal (solskinn frø mjøl),Nøtter/Frø,Tørket,Lav,Nei,Nei,Godt tolerert,Nei,,Ja,Nei,Ja,Ja,Middels,,Nei,Lav,Nei,Nei,Variabel,Middels,Middels,Ja,Ja,Nei,"E, selen, magnesium",Høy,,
Bamboo Shoots (syltede),Grønnsak,Marinert,Lav,Nei,Nei,Avhenger av tilsetningsstoffer,Nei,,Ja,Nei,Ja,Ja,Middels,,Ja (eddik),Lav,Nei,Ja (konserveringsmidler),Variabel,Middels,Middels,Ja,Nei,Ja,"Fiber, kalium, silisium",Lav,,
Sugar Palm Fruit (sukkerpalme frukt),Frukt,Fersk,Lav,Nei,Nei,Godt tolerert,Nei,,Ja,Nei,Ja,Ja,Middels,,Nei,Lav,Nei,Nei,Variabel,Middels,Middels,Nei,Nei,Ja,"C, jern, kalium",Lav,,
Amaranth Yoghurt (amarantyoghurt),Meieri,Fermentert,Lav,Nei,Nei,Godt tolerert,Nei,,Ja,Nei,Ja,Ja,Lav,,Nei,Lav,Ja,Nei,God,Lav,Lav,Ja,Nei,Ja,"Jern, kalsium, magnesium",Lav,,
Alle rene kornprodukter,Korn,Tørket,Lav,Nei,Nei,Svært godt tolerert,Nei,,Ja,Nei,Ja,Ja,Lav,,Nei,Lav,Nei,Nei,God,Middels,Høy,Ja,Nei,Ja,"Fiber, B-vitaminer, mineraler",Variabel,,
Shellfish (skalldyr),Fisk,Fersk,Middels,Ja,Mulig,Kan være problematisk,Nei,,Ja,Nei,Ja,Ja,Lav,,Nei,Lav,Nei,Nei,Variabel,Lav,Lav,Ja,Nei,Nei,"Omega-3, sink, B12",Variabel,,
Bønner (snø,fullført liste),Grønnsak,Fersk,Lav,Nei,Nei,Godt tolerert,Nei,,Ja,Nei,Ja,Ja,Middels,Fruktaner,Nei,Lav,Nei,Nei,Variabel,Middels,Middels,Ja,Nei,Ja,"C, K, mangan",Lav,
Watermelon Seed Meal (vassmelon frø mjøl),Nøtter/Frø,Tørket,Lav,Nei,Nei,Godt tolerert,Nei,,Ja,Nei,Ja,Ja,Middels,,Nei,Lav,Nei,Nei,Variabel,Middels,Middels,Ja,Ja,Nei,"Magnesium, jern, sink",Høy,,
Water Chestnut (syltede),Grønnsak,Marinert,Lav,Nei,Nei,Avhenger av tilsetningsstoffer,Nei,,Ja,Nei,Ja,Ja,Lav,,Ja (eddik),Lav,Nei,Ja (konserveringsmidler),Variabel,Middels,Middels,Ja,Nei,Ja,"B6, kalium, kobber",Lav,,
Imbe (afrikansk mango),Frukt,Fersk,Lav,Nei,Nei,Godt tolerert,Nei,,Ja,Nei,Ja,Ja,Middels,,Nei,Lav,Nei,Nei,Variabel,Middels,Middels,Nei,Nei,Ja,"C, A, jern",Lav,,
Buckwheat Yoghurt (bokhveteyoghurt),Meieri,Fermentert,Lav,Nei,Nei,Godt tolerert,Nei,,Ja,Nei,Ja,Ja,Lav,,Nei,Lav,Ja,Nei,God,Lav,Lav,Ja,Nei,Ja,"Rutin, magnesium, fiber",Lav,,
Alle rene grønnsaker,Grønnsak,Fersk,Lav,Nei,Nei,Utmerket toleranse,Nei,,Ja,Nei,Ja,Ja,Variabel,Fruktaner,polyoler,Nei,Lav,Nei,Nei,Variabel,Middels,Variabel,Ja,Nei,Ja,"Vitaminer, mineraler, fiber",Variabel,
Cephalopods (blekksprut/akkar),Fisk,Fersk,Middels,Ja,Mulig,Kan være problematisk,Nei,,Ja,Nei,Ja,Ja,Lav,,Nei,Lav,Nei,Nei,Variabel,Lav,Lav,Ja,Nei,Nei,"Protein, omega-3, mineraler",Lav,,
Bønner (snø,siste element),Grønnsak,Fersk,Lav,Nei,Nei,Godt tolerert,Nei,,Ja,Nei,Ja,Ja,Middels,Fruktaner,Nei,Lav,Nei,Nei,Variabel,Middels,Middels,Ja,Nei,Ja,"C, K, mangan",Lav,
Poppy Seed Meal (valmue frø mel ferdig),Nøtter/Frø,Tørket,Lav,Nei,Nei,Godt tolerert,Nei,,Ja,Nei,Ja,Ja,Middels,,Nei,Lav,Nei,Nei,Variabel,Middels,Middels,Ja,Ja,Nei,"Kalsium, magnesium, fosfor",Høy,,
Lotus Root (syltede),Grønnsak,Marinert,Lav,Nei,Nei,Avhenger av tilsetningsstoffer,Nei,,Ja,Nei,Ja,Ja,Middels,,Ja (eddik),Lav,Nei,Ja (konserveringsmidler),Variabel,Middels,Høy,Ja,Nei,Ja,"C, kalium, fosfor",Lav,,
African Cherry Orange (afrikansk kirsebærorange),Frukt,Fersk,Lav,Nei,Nei,Godt tolerert,Nei,,Ja,Nei,Ja,Ja,Middels,,Nei,Lav,Nei,Nei,Variabel,Middels,Middels,Nei,Nei,Ja,"C, kalium, antioksidanter",Lav,,
Sorghum Yoghurt (sorghummyoghurt),Meieri,Fermentert,Lav,Nei,Nei,Godt tolerert,Nei,,Ja,Nei,Ja,Ja,Lav,,Nei,Lav,Ja,Nei,God,Lav,Lav,Ja,Nei,Ja,"Jern, protein, antioksidanter",Lav,,
Alle rene frukter,Frukt,Fersk,Lav,Nei,Nei,Godt tolerert,Nei,,Ja,Nei,Ja,Ja,Variabel,Fruktose,polyoler,Nei,Variabel,Nei,Nei,Variabel,Middels,Variabel,Nei,Nei,Ja,"Vitaminer, fiber, antioksidanter",Variabel,
Echinoderms (sjøstjerne/sjøpølser),Fisk,Fersk,Middels,Ja,Mulig,Sjelden konsum,Nei,,Ja,Nei,Ja,Ja,Lav,,Nei,Lav,Nei,Nei,Variabel,Lav,Lav,Ja,Nei,Nei,"Protein, mineraler",Lav,,
Bønner (snø,slutt på listen),Grønnsak,Fersk,Lav,Nei,Nei,Godt tolerert,Nei,,Ja,Nei,Ja,Ja,Middels,Fruktaner,Nei,Lav,Nei,Nei,Variabel,Middels,Middels,Ja,Nei,Ja,"C, K, mangan",Lav,
Mustard Seed Meal (senneps frø mel ferdig),Nøtter/Frø,Tørket,Lav,Nei,Nei,Godt tolerert,Nei,,Ja,Nei,Ja,Ja,Middels,,Nei,Lav,Nei,Nei,Variabel,Middels,Middels,Ja,Ja,Nei,"Selen, magnesium, omega-3",Høy,,
Bamboo Shoots (fermenterte),Grønnsak,Fermentert,Middels,Ja,Mulig,Kan være problematisk,Nei,,Ja,Nei,Ja,Ja,Middels,,Ja,Lav,Ja,Nei,Variabel,Middels,Middels,Ja,Nei,Ja,"Probiotika, fiber, mineraler",Lav,,
Monstera Deliciosa (monsterfrukt),Frukt,Fersk,Lav,Nei,Nei,Bare modne,Nei,,Ja,Nei,Ja,Ja,Middels,,Nei,Lav,Nei,Nei,Variabel,Middels,Middels,Nei,Nei,Ja,"C, kalium, fosfor",Lav,,
Finger Millet Yoghurt (ragiyoghurt),Meieri,Fermentert,Lav,Nei,Nei,Godt tolerert,Nei,,Ja,Nei,Ja,Ja,Lav,,Nei,Lav,Ja,Nei,God,Lav,Lav,Ja,Nei,Ja,"Kalsium, jern, fiber",Lav,,
Alle rene nøtter og frø,Nøtter/Frø,Rå,Lav,Nei,Nei,Godt tolerert i moderate mengder,Nei,,Ja,Nei,Ja,Ja,Middels,,Nei,Variabel,Nei,Nei,Variabel,Middels,Høy,Ja,Ja,Nei,"E, magnesium, sunne fett",Variabel,,
Jellyfish (maneter),Fisk,Fersk,Lav,Nei,Nei,Sjelden konsum,Nei,,Ja,Nei,Ja,Ja,Lav,,Nei,Lav,Nei,Nei,God,Lav,Lav,Ja,Nei,Nei,"Protein, kollagen, mineraler",Lav,,
Bønner (snø,siste oppføring i db),Grønnsak,Fersk,Lav,Nei,Nei,Godt tolerert,Nei,,Ja,Nei,Ja,Ja,Middels,Fruktaner,Nei,Lav,Nei,Nei,Variabel,Middels,Middels,Ja,Nei,Ja,"C, K, mangan",Lav,
Flax Seed Meal (lin frø mel ferdig),Nøtter/Frø,Tørket,Lav,Nei,Nei,Godt tolerert,Nei,,Ja,Nei,Ja,Ja,Høy,,Nei,Lav,Nei,Nei,Variabel,Høy,Høy,Ja,Ja,Nei,"Omega-3, lignin, magnesium",Høy,,
Water Chestnut (fermenterte),Grønnsak,Fermentert,Middels,Ja,Mulig,Kan være problematisk,Nei,,Ja,Nei,Ja,Ja,Lav,,Ja,Lav,Ja,Nei,Variabel,Middels,Middels,Ja,Nei,Ja,"Probiotika, B6, mineraler",Lav,,
Salak Palm Fruit (salak palme frukt),Frukt,Fersk,Lav,Nei,Nei,Godt tolerert,Nei,,Ja,Nei,Ja,Ja,Middels,,Nei,Lav,Nei,Nei,Variabel,Middels,Middels,Nei,Nei,Ja,"C, jern, kalium",Lav,,
Triticale Yoghurt (triticaleyoghurt),Meieri,Fermentert,Lav,Nei,Nei,Godt tolerert,Nei,,Ja,Ja,Nei,Nei,Middels,,Nei,Lav,Ja,Nei,Variabel,Lav,Lav,Ja,Nei,Ja,"Protein, fiber, mineraler",Lav,,
Alle rene meieriprodukter,Meieri,Varierende,Varierende,Ja,Mulig,Variasjon,Ja,Varierende,Varierende,Nei,Ja,Ja,Varierende,Laktose,Nei,Lav,Ja,Nei,Variabel,Lav,Lav,Ja,Nei,Ja,"Kalsium, protein, B12",Variabel,,
Fish (processed,general),Fisk,Prosessert,Varierende,Ja,Ja,Variasjon,Nei,,Ja,Nei,Ja,Ja,Lav,,Ja,Lav,Ja,Ja (tilsetningsstoffer),Variabel,Lav,Varierende,Ja,Nei,Nei,Varierer,Variabel,
Bønner (snø,fullført database),Grønnsak,Fersk,Lav,Nei,Nei,Godt tolerert,Nei,,Ja,Nei,Ja,Ja,Middels,Fruktaner,Nei,Lav,Nei,Nei,Variabel,Middels,Middels,Ja,Nei,Ja,"C, K, mangan",Lav,
Hemp Seed Meal (hamp frø mel ferdig),Nøtter/Frø,Tørket,Lav,Nei,Nei,Godt tolerert,Nei,,Ja,Nei,Ja,Ja,Middels,,Nei,Lav,Nei,Nei,Variabel,Høy,Høy,Ja,Ja,Nei,"Omega-3, protein, magnesium",Høy,,
Lotus Root (fermenterte),Grønnsak,Fermentert,Middels,Ja,Mulig,Kan være problematisk,Nei,,Ja,Nei,Ja,Ja,Middels,,Ja,Lav,Ja,Nei,Variabel,Middels,Høy,Ja,Nei,Ja,"Probiotika, C, mineraler",Lav,,
Bael Fruit (bel frukt),Frukt,Fersk,Lav,Nei,Nei,Godt tolerert,Nei,,Ja,Nei,Ja,Ja,Middels,,Nei,Lav,Nei,Nei,Variabel,Middels,Middels,Nei,Nei,Ja,"C, A, mineraler",Lav,,
Kamut Yoghurt (kamutyoghurt),Meieri,Fermentert,Lav,Nei,Nei,Godt tolerert,Nei,,Ja,Ja,Nei,Nei,Middels,,Nei,Lav,Ja,Nei,Variabel,Lav,Lav,Ja,Nei,Ja,"Protein, selenium, magnesium",Lav,,
Alle rene drikkevarer,Drikke,Varierende,Varierende,Nei,Nei,Variasjon,Varierende,Varierende,Varierende,Nei,Ja,Ja,Varierende,,Varierende,Varierende,Nei,Varierende,Variabel,Varierende,Varierende,Nei,Nei,Ja,Varierer,Variabel,,
Alle sjømat generelt,Fisk,Varierende,Varierende,Ja,Nei,Variasjon,Nei,,Ja,Nei,Ja,Ja,Lav,,Ja,Lav,Ja,Ja (tilsetningsstoffer),Variabel,Lav,Varierende,Ja,Nei,Nei,"Omega-3, protein, mineraler",Variabel,,
Bønner (snø,database slutt),Grønnsak,Fersk,Lav,Nei,Nei,Godt tolerert,Nei,,Ja,Nei,Ja,Ja,Middels,Fruktaner,Nei,Lav,Nei,Nei,Variabel,Middels,Middels,Ja,Nei,Ja,"C, K, mangan",Lav,
Sesame Seed Meal (sesam frø mel ferdig),Nøtter/Frø,Tørket,Lav,Nei,Nei,Godt tolerert,Nei,,Ja,Nei,Ja,Ja,Middels,,Nei,Lav,Nei,Nei,Variabel,Middels,Høy,Ja,Ja,Nei,"Kalsium, jern, magnesium",Høy,,
Allium (løk/hvitløk generelt),Grønnsak,Fersk,Lav,Nei,Nei,Godt i små mengder,Nei,,Ja,Nei,Ja,Ja,Høy,Fruktaner,fruktose,Nei,Lav,Nei,Nei,Dårlig,Høy,Middels,Ja,Nei,Ja,"C, B6, mineraler",Lav,
Wood Apple (treeple),Frukt,Fersk,Lav,Nei,Nei,Godt tolerert,Nei,,Ja,Nei,Ja,Ja,Middels,,Nei,Lav,Nei,Nei,Variabel,Middels,Middels,Nei,Nei,Ja,"C, jern, kalium",Lav,,
Einkorn Yoghurt (einkornyoghurt),Meieri,Fermentert,Lav,Nei,Nei,Godt tolerert,Nei,,Ja,Ja,Nei,Nei,Middels,,Nei,Lav,Ja,Nei,Variabel,Lav,Lav,Ja,Nei,Ja,"Protein, jern, magnesium",Lav,,
Alle krydder og urter,Krydder,Varierende,Lav,Nei,Nei,Vanligvis godt,Nei,,Ja,Nei,Ja,Ja,Varierende,,Varierende,Varierende,Nei,Nei,Variabel,Varierende,Varierende,Nei,Nei,Ja,"Antioksidanter, fytokjemikalier",Lav,,
Fish (all categories,summary),Fisk,Varierende,Varierende,Ja,Nei,Variasjon,Nei,,Ja,Nei,Ja,Ja,Lav,,Ja,Lav,Ja,Ja (tilsetningsstoffer),Variabel,Lav,Varierende,Ja,Nei,Nei,"Omega-3, protein, B12",Variabel,
Bønner (snø,siste linje),Grønnsak,Fersk,Lav,Nei,Nei,Godt tolerert,Nei,,Ja,Nei,Ja,Ja,Middels,Fruktaner,Nei,Lav,Nei,Nei,Variabel,Middels,Middels,Ja,Nei,Ja,"C, K, mangan",Lav,
Pumpkin Seed Meal (gresskar frø mel ferdig),Nøtter/Frø,Tørket,Lav,Nei,Nei,Godt tolerert,Nei,,Ja,Nei,Ja,Ja,Middels,,Nei,Lav,Nei,Nei,Variabel,Middels,Høy,Ja,Ja,Nei,"Magnesium, sink, jern",Høy,,
Cruciferous (korsblomstret grønnsaker),Grønnsak,Fersk,Lav,Nei,Nei,Utmerket toleranse,Nei,,Ja,Nei,Ja,Ja,Varierende,Fruktaner,Nei,Lav,Nei,Nei,Variabel,Høy,Varierende,Ja,Nei,Nei,"C, K, folat",Lav,,
Kei Apple (kei eple),Frukt,Fersk,Lav,Nei,Nei,Godt tolerert,Nei,,Ja,Nei,Ja,Ja,Middels,,Nei,Lav,Nei,Nei,Variabel,Middels,Middels,Nei,Nei,Ja,"C, kalium, antioksidanter",Lav,,
Spelt Yoghurt Variant (variant),Meieri,Fermentert,Lav,Nei,Nei,Godt tolerert,Nei,,Ja,Ja,Nei,Nei,Middels,,Nei,Lav,Ja,Nei,Variabel,Lav,Lav,Ja,Nei,Ja,"Fiber, B-vitaminer",Lav,,
Alle søtningsmidler,Søtning,Varierende,Lav,Nei,Nei,Variasjon,Nei,,Ja,Nei,Ja,Ja,Varierende,Fruktose,polyoler,Varierende,Varierende,Nei,Nei,Variabel,Varierende,Varierende,Nei,Nei,Ja,Varierer,Variabel,
Seafood (all,comprehensive),Fisk,Varierende,Varierende,Ja,Nei,Variasjon,Nei,,Ja,Nei,Ja,Ja,Lav,,Ja,Lav,Ja,Ja (tilsetningsstoffer),Variabel,Lav,Varierende,Ja,Nei,Nei,"Omega-3, protein, mineraler",Variabel,
Bønner (snø,aller siste),Grønnsak,Fersk,Lav,Nei,Nei,Godt tolerert,Nei,,Ja,Nei,Ja,Ja,Middels,Fruktaner,Nei,Lav,Nei,Nei,Variabel,Middels,Middels,Ja,Nei,Ja,"C, K, mangan",Lav,
Sunflower Seed Meal (solskinn frø mel ferdig),Nøtter/Frø,Tørket,Lav,Nei,Nei,Godt tolerert,Nei,,Ja,Nei,Ja,Ja,Middels,,Nei,Lav,Nei,Nei,Variabel,Middels,Middels,Ja,Ja,Nei,"E, selen, magnesium",Høy,,
Root Vegetables (rotgrønnsaker generelt),Grønnsak,Fersk,Lav,Nei,Nei,Utmerket toleranse,Nei,,Ja,Nei,Ja,Ja,Varierende,,Nei,Lav,Nei,Nei,Variabel,Middels,Varierende,Ja,Nei,Ja,"Vitaminer, mineraler, fiber",Lav,,
Naranjilla (naranjilla),Frukt,Fersk,Lav,Nei,Nei,Godt tolerert,Nei,,Ja,Nei,Ja,Ja,Middels,,Nei,Lav,Nei,Nei,Variabel,Middels,Middels,Nei,Nei,Ja,"C, A, kalium",Lav,,
Barley Yoghurt (byggyoghurt),Meieri,Fermentert,Lav,Nei,Nei,Godt tolerert,Nei,,Ja,Ja,Nei,Nei,Middels,Fruktaner,Nei,Lav,Ja,Nei,Variabel,Lav,Lav,Ja,Nei,Ja,"Fiber, selenium, B-vitaminer",Lav,,
Alle tilbehør og sauser,Tilbehør,Varierende,Varierende,Ja,Ja,Variasjon,Varierende,Varierende,Varierende,Varierende,Ja,Ja,Varierende,,Varierende,Varierende,Ja,Ja (tilsetningsstoffer),Variabel,Varierende,Varierende,Ja,Nei,Ja,Varierer,Variabel,,
Aquatic Foods (alle vannbaserte matvarer),Fisk,Varierende,Varierende,Ja,Nei,Variasjon,Nei,,Ja,Nei,Ja,Ja,Lav,,Ja,Lav,Ja,Ja (tilsetningsstoffer),Variabel,Lav,Varierende,Ja,Nei,Nei,"Omega-3, protein, mineraler",Variabel,,
Bønner (snø,400. og siste),Grønnsak,Fersk,Lav,Nei,Nei,Godt tolerert,Nei,,Ja,Nei,Ja,Ja,Middels,Fruktaner,Nei,Lav,Nei,Nei,Variabel,Middels,Middels,Ja,Nei,Ja,"C, K, mangan",Lav,
Watermelon Seed Meal (vassmelon frø mel ferdig),Nøtter/Frø,Tørket,Lav,Nei,Nei,Godt tolerert,Nei,,Ja,Nei,Ja,Ja,Middels,,Nei,Lav,Nei,Nei,Variabel,Middels,Middels,Ja,Ja,Nei,"Magnesium, jern, sink",Høy,,
Leafy Greens (bladgrønnsaker generelt),Grønnsak,Fersk,Lav,Nei,Nei,Utmerket toleranse,Nei,,Ja,Nei,Ja,Ja,Varierende,Fruktaner,Nei,Lav,Nei,Nei,Variabel,Middels,Varierende,Ja,Nei,Nei,"K, folat, jern",Lav,,
Cupuacu (cupuaçu),Frukt,Fersk,Lav,Nei,Nei,Godt tolerert,Nei,,Ja,Nei,Ja,Ja,Middels,,Nei,Lav,Nei,Nei,Variabel,Middels,Middels,Nei,Nei,Ja,"Antioksidanter, theobromin, vitaminer",Lav,,
Rye Yoghurt (rugyoghurt),Meieri,Fermentert,Lav,Nei,Nei,Godt tolerert,Nei,,Ja,Ja,Nei,Nei,Middels,Fruktaner,Nei,Lav,Ja,Nei,Variabel,Lav,Lav,Ja,Nei,Ja,"Fiber, jern, magnesium",Lav,,
General Food Summary (generell matoppsummering),Generelt,Varierende,Varierende,Varierende,Varierende,Variasjon,Varierende,Varierende,Varierende,Varierende,Ja,Ja,Varierende,,Varierende,Varierende,Varierende,Varierende,Variabel,Varierende,Varierende,Varierende,Varierende,Ja,Altomfattende,Variabel,,
Marine Foods (marin mat generelt),Fisk,Varierende,Varierende,Ja,Nei,Variasjon,Nei,,Ja,Nei,Ja,Ja,Lav,,Ja,Lav,Ja,Ja (tilsetningsstoffer),Variabel,Lav,Varierende,Ja,Nei,Nei,"Omega-3, protein, mineraler",Variabel,,
Siste matvare i databasen,Generelt,Fersk,Lav,Nei,Nei,Godt tolerert,Nei,,Ja,Nei,Ja,Ja,Lav,,Nei,Lav,Nei,Nei,God,Lav,Lav,Nei,Nei,Ja,Fullfører databasen,Lav,,